<?xml version="1.0" encoding="UTF-8"?>

<!--Autogenerated by Cloudera Manager-->
<configuration>
  <property>
    <name>dfs.nameservices</name>
    <value>yumcluster</value>
  </property>
  <property>
    <name>dfs.client.failover.proxy.provider.yumcluster</name>
    <value>org.apache.hadoop.hdfs.server.namenode.ha.ConfiguredFailoverProxyProvider</value>
  </property>
  <property>
    <name>dfs.ha.automatic-failover.enabled.yumcluster</name>
    <value>true</value>
  </property>
  <property>
    <name>ha.zookeeper.quorum</name>
    <value>sgh1phdp32.cn.yumchina.com:2181,sgh1phdp33.cn.yumchina.com:2181,sgh1phdp34.cn.yumchina.com:2181</value>
  </property>
  <property>
    <name>dfs.ha.namenodes.yumcluster</name>
    <value>namenode663,namenode666</value>
  </property>
  <property>
    <name>dfs.namenode.rpc-address.yumcluster.namenode663</name>
    <value>sgh1phdp32.cn.yumchina.com:8020</value>
  </property>
  <property>
    <name>dfs.namenode.servicerpc-address.yumcluster.namenode663</name>
    <value>sgh1phdp32.cn.yumchina.com:8022</value>
  </property>
  <property>
    <name>dfs.namenode.http-address.yumcluster.namenode663</name>
    <value>sgh1phdp32.cn.yumchina.com:50070</value>
  </property>
  <property>
    <name>dfs.namenode.https-address.yumcluster.namenode663</name>
    <value>sgh1phdp32.cn.yumchina.com:50470</value>
  </property>
  <property>
    <name>dfs.namenode.rpc-address.yumcluster.namenode666</name>
    <value>sgh1phdp33.cn.yumchina.com:8020</value>
  </property>
  <property>
    <name>dfs.namenode.servicerpc-address.yumcluster.namenode666</name>
    <value>sgh1phdp33.cn.yumchina.com:8022</value>
  </property>
  <property>
    <name>dfs.namenode.http-address.yumcluster.namenode666</name>
    <value>sgh1phdp33.cn.yumchina.com:50070</value>
  </property>
  <property>
    <name>dfs.namenode.https-address.yumcluster.namenode666</name>
    <value>sgh1phdp33.cn.yumchina.com:50470</value>
  </property>
  <property>
    <name>dfs.replication</name>
    <value>3</value>
  </property>
  <property>
    <name>dfs.blocksize</name>
    <value>134217728</value>
  </property>
  <property>
    <name>dfs.client.use.datanode.hostname</name>
    <value>false</value>
  </property>
  <property>
    <name>fs.permissions.umask-mode</name>
    <value>026</value>
  </property>
  <property>
    <name>dfs.encrypt.data.transfer.algorithm</name>
    <value>3des</value>
  </property>
  <property>
    <name>dfs.encrypt.data.transfer.cipher.suites</name>
    <value>AES/CTR/NoPadding</value>
  </property>
  <property>
    <name>dfs.encrypt.data.transfer.cipher.key.bitlength</name>
    <value>256</value>
  </property>
  <property>
    <name>dfs.namenode.acls.enabled</name>
    <value>true</value>
  </property>
  <property>
    <name>dfs.client.use.legacy.blockreader</name>
    <value>false</value>
  </property>
  <property>
    <name>dfs.client.read.shortcircuit</name>
    <value>false</value>
  </property>
  <property>
    <name>dfs.domain.socket.path</name>
    <value>/var/run/hdfs-sockets/dn</value>
  </property>
  <property>
    <name>dfs.client.read.shortcircuit.skip.checksum</name>
    <value>false</value>
  </property>
  <property>
    <name>dfs.client.domain.socket.data.traffic</name>
    <value>false</value>
  </property>
  <property>
    <name>dfs.datanode.hdfs-blocks-metadata.enabled</name>
    <value>true</value>
  </property>
  <property>
    <name>dfs.block.access.token.enable</name>
    <value>true</value>
  </property>
  <property>
    <name>dfs.namenode.kerberos.principal</name>
    <value>hdfs/_HOST@CN.YUMCHINA.COM</value>
  </property>
  <property>
    <name>dfs.namenode.kerberos.internal.spnego.principal</name>
    <value>HTTP/_HOST@CN.YUMCHINA.COM</value>
  </property>
  <property>
    <name>dfs.datanode.kerberos.principal</name>
    <value>hdfs/_HOST@CN.YUMCHINA.COM</value>
  </property>
</configuration>
