{
  "name": "fusion_menu_force",
  "jobType": "stream",
  "parallelism": 3,
  "sourceProperties": [{
    "sourceType": "kafka",
    "version": "0.11",
    "bootstrap.servers": "172.25.138.65:9010,172.25.138.66:9010,172.25.138.67:9010,172.25.138.68:9010,172.25.138.69:9010,172.25.138.70:9010,172.25.138.72:9010,172.25.138.73:9010",
    "topic": "fusion_menu_force",
    "groupId": "SY",
    "consumeMethod": "groupOffsets",
    "format": "json",
    "schema": "struct<version:string,date:string,brand:string,storeCode:string,linkId:string,sizeId:string,baseId:string,type:int,couponCode:string,promotionCode:string,itemLinkIds:array<struct<linkId:string,sizeId:string,baseId:string,type:int,round:int>>,validFrom:bigint,validTo:bigint,startTime:int,endTime:int>",
    "tableName": "kafka_fusion_menu_force"
  }],
  "sinkProperties": [{
    "sinkType": "bucket",
    "hdfsPrefix": "hdfs://yumcluster/aie/recommendation/sy_topic/fusion_menu_force",
    "dateTimeBucketer": null,
    "zoneId": null,
    "batchSize": null,
    "batchRolloverIntervalValue": 60000,
    "tableName": "hdfs_fusion_menu_force",
    "schema": "struct<version:string,date:string,brand:string,storeCode:string,linkId:string,sizeId:string,baseId:string,type:int,couponCode:string,promotionCode:string,validFrom:bigint,validTo:bigint,startTime:int,endTime:int>"
  },{
    "sinkType": "bucket",
    "hdfsPrefix": "hdfs://yumcluster/aie/recommendation/sy_topic/fusion_menu_force_itemLinkIds",
    "dateTimeBucketer": null,
    "zoneId": null,
    "batchSize": null,
    "batchRolloverIntervalValue": 60000,
    "tableName": "hdfs_fusion_menu_force_itemLinkIds",
    "schema": "struct<version:string,itemLinkId_linkId:string,linkId:string,sizeId:string,baseId:string,type:int,round:int>"
  }],
  "udf": {
    "menu_force_drill2": "fusion_menu_force#itemLinkIds"
  },
  "operation":  [
    "insert into hdfs_fusion_menu_force select version,`date`,brand,storeCode,linkId,sizeId,baseId,type,couponCode,promotionCode,validFrom,validTo,startTime,endTime from kafka_fusion_menu_force",
    "insert into hdfs_fusion_menu_force_itemLinkIds SELECT version,linkId as itemLinkId_linkId,itemLinkIds_linkId as linkId,itemLinkIds_sizeId as sizeId,itemLinkIds_baseId as baseId,itemLinkIds_type as type,itemLinkIds_round as round FROM kafka_fusion_menu_force, LATERAL TABLE(menu_force_drill2(itemLinkIds)) as T(itemLinkIds_linkId,itemLinkIds_sizeId,itemLinkIds_baseId,itemLinkIds_type,itemLinkIds_round)"
  ]
}
