{
  "name": "fusion_action",
  "jobType": "stream",
  "parallelism": 3,
  "sourceProperties": [{
    "sourceType": "kafka",
    "version": "0.11",
    "bootstrap.servers": "172.25.138.65:9010,172.25.138.66:9010,172.25.138.67:9010,172.25.138.68:9010,172.25.138.69:9010,172.25.138.70:9010,172.25.138.72:9010,172.25.138.73:9010",
    "topic": "fusion_action",
    "groupId": "SY",
    "consumeMethod": "groupOffsets",
    "format": "json",
    "schema": "struct<version:string,transactionId:string,userCode:string,systemTime:bigint,brand:string,channel:string,page:int,action:int,items:array<struct<preLinkIds:string,preSystemIds:string,linkIds:string,systemIds:string,type:int>>,promotionCode:string>",
    "tableName": "kafka_fusion_action"
  }],
  "sinkProperties": [{
    "sinkType": "bucket",
    "hdfsPrefix": "hdfs://yumcluster/aie/recommendation/sy_topic/fusion_action",
    "dateTimeBucketer": null,
    "zoneId": null,
    "batchSize": null,
    "batchRolloverIntervalValue": 120000,
    "tableName": "hdfs_fusion_action",
    "schema": "struct<version:string,transactionId:string,userCode:string,systemTime:bigint,brand:string,channel:string,page:int,action:int,promotionCode:string>"
  },{
    "sinkType": "bucket",
    "hdfsPrefix": "hdfs://yumcluster/aie/recommendation/sy_topic/fusion_action_item",
    "dateTimeBucketer": null,
    "zoneId": null,
    "batchSize": null,
    "batchRolloverIntervalValue": 120000,
    "tableName": "hdfs_fusion_action_item",
    "schema": "struct<version:string,transactionId:string,preLinkIds:string,preSystemIds:string,linkIds:string,systemIds:string,type:int>"
  }],
  "udf": {
    "action_drill2": "fusion_action#items"
  },
  "operation":  [
    "insert into hdfs_fusion_action select version,transactionId,userCode,systemTime,brand,channel,page,action,promotionCode from kafka_fusion_action",
    "insert into hdfs_fusion_action_item SELECT version,transactionId,preLinkIds,preSystemIds,linkIds,systemIds,type FROM kafka_fusion_action, LATERAL TABLE(action_drill2(items))"
  ]
}
