{
  "name": "fusion_order_exception",
  "jobType": "stream",
  "parallelism": 3,
  "sourceProperties": [{
    "sourceType": "kafka",
    "version": "0.11",
    "bootstrap.servers": "172.25.138.65:9010,172.25.138.66:9010,172.25.138.67:9010,172.25.138.68:9010,172.25.138.69:9010,172.25.138.70:9010,172.25.138.72:9010,172.25.138.73:9010",
    "topic": "fusion_order",
    "groupId": "SY_fusion_order2",
    "consumeMethod": "groupOffsets",
    "format": "json",
    "schema": "struct<version:string,transactionId:string,userCode:string,orderTime:bigint,promiseTime:bigint,orderAmount:int,realOrderAmount:int,orderingTime:int,storeCode:string,channel:string,marketCode:string,cityCode:string,cityName:string,brand:string,orderItems:array<struct<orderItemId:string,linkId:string,name:string,sizeId:string,baseId:string,num:int,price:int,realPrice:int,type:int,couponCode:string,promotionCode:string,itemLinkIds:array<struct<linkId:string,sizeId:string,baseId:string,num:int,price:int,round:int>>>>,userId:string,payChannel:string,bookingType:boolean,openId:string,deviceId:string,extraParam:struct<address1:string,address2:string,POI_type:string,coordinate_x:double,coordinate_y:double,deliveryTimeOfMap:int,gender:int,iLinkMan:string,iRemark:string,needInvoice:int,invoiceTitle:string>>",
    "tableName": "kafka_fusion_order"
  }],
  "sinkProperties": [{
    "sinkType": "bucket",
    "hdfsPrefix": "hdfs://yumcluster/aie/recommendation/sy_topic/fusion_order_exception",
    "dateTimeBucketer": null,
    "zoneId": null,
    "batchSize": null,
    "batchRolloverIntervalValue": 120000,
    "tableName": "hdfs_fusion_order",
    "schema": "struct<version:string,transactionId:string,userCode:string,orderTime:bigint,promiseTime:bigint,orderAmount:int,realOrderAmount:int,orderingTime:int,storeCode:string,channel:string,marketCode:string,cityCode:string,cityName:string,brand:string,userId:string,payChannel:string,bookingType:boolean,openId:string,deviceId:string,address1:string,address2:string,POI_type:string,coordinate_x:double,coordinate_y:double,deliveryTimeOfMap:int,gender:int,iLinkMan:string,iRemark:string,needInvoice:int,invoiceTitle:string>"
  },{
    "sinkType": "bucket",
    "hdfsPrefix": "hdfs://yumcluster/aie/recommendation/sy_topic/fusion_order_orderItems_exception",
    "dateTimeBucketer": null,
    "zoneId": null,
    "batchSize": null,
    "batchRolloverIntervalValue": 120000,
    "tableName": "hdfs_fusion_order_orderItems",
    "schema": "struct<version:string,transactionId:string,orderItemId:string,linkId:string,name:string,sizeId:string,baseId:string,num:int,price:int,realPrice:int,type:int,couponCode:string,promotionCode:string>"
  },{
    "sinkType": "bucket",
    "hdfsPrefix": "hdfs://yumcluster/aie/recommendation/sy_topic/fusion_order_orderItems_itemLinkIds_exception",
    "dateTimeBucketer": null,
    "zoneId": null,
    "batchSize": null,
    "batchRolloverIntervalValue": 120000,
    "tableName": "hdfs_fusion_order_orderItems_itemLinkIds",
    "schema": "struct<version:string,transactionId:string,orderItemId:string,orderItemId_linkId:string,linkId:string,sizeId:string,baseId:string,num:int,price:int,round:int>"
  }],
  "udf": {
    "order_drill2": "fusion_order#orderItems",
    "order_drill3": "fusion_order#orderItems#orderItemId*linkId*itemLinkIds"
  },
  "operation":  [
    "insert into hdfs_fusion_order select version,transactionId,userCode,orderTime,promiseTime,orderAmount,realOrderAmount,orderingTime,storeCode,channel,marketCode,cityCode,cityName,brand,userId,payChannel,bookingType,openId,deviceId,extraParam.address1,extraParam.address2,extraParam.POI_type,extraParam.coordinate_x,extraParam.coordinate_y,extraParam.deliveryTimeOfMap,extraParam.gender,extraParam.iLinkMan,extraParam.iRemark,extraParam.needInvoice,extraParam.invoiceTitle from kafka_fusion_order",
    "insert into hdfs_fusion_order_orderItems SELECT version,transactionId,orderItemId,linkId,name,sizeId,baseId,num,price,realPrice,type,couponCode,promotionCode FROM kafka_fusion_order, LATERAL TABLE(order_drill2(orderItems))",
    "insert into hdfs_fusion_order_orderItems_itemLinkIds SELECT version,transactionId,N2_orderItemId as orderItemId,N2_linkId as orderItemId_linkId,linkId,sizeId,baseId,num,price,round FROM kafka_fusion_order, LATERAL TABLE(order_drill3(orderItems)) as T(linkId,sizeId,baseId,num,price,round,N2_orderItemId,N2_linkId)"
  ]
}
