{
  "name": "fusion_store_product",
  "jobType": "stream",
  "checkpointPath": "hdfs://yumcluster/aie/recommendation/checkpoint/fusion_store_product",
  "parallelism": 5,
  "sourceProperties": [{
    "sourceType": "kafka",
    "version": "0.11",
    "bootstrap.servers": "172.25.138.65:9010,172.25.138.66:9010,172.25.138.67:9010,172.25.138.68:9010,172.25.138.69:9010,172.25.138.70:9010,172.25.138.72:9010,172.25.138.73:9010",
    "topic": "fusion_store_product",
    "groupId": "SY",
    "consumeMethod": "groupOffsets",
    "format": "json",
    "schema": "struct<version:string,brand:string,date:string,storeCode:string,channel:string,linkIds:array<struct<linkId:string,systemId:string,price:int,iMenuCn:string,iDescCn:string,iSalesFlag:string,validFrom:bigint,validTo:bigint,startTime:int,endTime:int,showNameCn:string,itemLinkids:array<struct<linkId:string,systemId:string,round:int,price:int,iMenuCn:string,iDescCn:string,iSalesFlag:string,validFrom:bigint,validTo:bigint,startTime:int,endTime:int,showNameCn:string,quantity:int,itemCount:int>>>>>",
    "tableName": "kafka_fusion_store_product"
  }],
  "sinkProperties": [{
    "sinkType": "bucket",
    "hdfsPrefix": "hdfs://yumcluster/aie/recommendation/sy_topic/fusion_store_product",
    "dateTimeBucketer": null,
    "zoneId": null,
    "batchSize": null,
    "batchRolloverIntervalValue": 60000,
    "tableName": "hdfs_fusion_store_product",
    "schema": "struct<version:string,brand:string,date:string,storeCode:string,channel:string>"
  },{
    "sinkType": "bucket",
    "hdfsPrefix": "hdfs://yumcluster/aie/recommendation/sy_topic/fusion_store_product_linkIds",
    "dateTimeBucketer": null,
    "zoneId": null,
    "batchSize": null,
    "batchRolloverIntervalValue": 60000,
    "tableName": "hdfs_fusion_store_product_linkIds",
    "schema": "struct<version:string,storeCode:string,linkId:string,systemId:string,price:int,iMenuCn:string,iDescCn:string,iSalesFlag:string,validFrom:bigint,validTo:bigint,startTime:int,endTime:int,showNameCn:string,brand:string,indexID:int>"
  },{
    "sinkType": "bucket",
    "hdfsPrefix": "hdfs://yumcluster/aie/recommendation/sy_topic/fusion_store_product_linkIds_itemLinkids",
    "dateTimeBucketer": null,
    "zoneId": null,
    "batchSize": null,
    "batchRolloverIntervalValue": 60000,
    "tableName": "hdfs_fusion_store_product_linkIds_itemLinkids",
    "schema": "struct<version:string,storeCode:string,itemlinkId:string,linkId:string,systemId:string,round:int,price:int,iMenuCn:string,iDescCn:string,iSalesFlag:string,validFrom:bigint,validTo:bigint,startTime:int,endTime:int,showNameCn:string,quantity:int,itemCount:int,brand:string,indexID:int>"
  }],
  "udf": {
    "store_product_drill2": "fusion_store_product#linkIds",
    "store_product_drill3": "fusion_store_product#linkIds#linkId*itemLinkids"
  },
  "operation":  [
    "insert into hdfs_fusion_store_product select version,brand,`date`,storeCode,channel from kafka_fusion_store_product",
    "insert into hdfs_fusion_store_product_linkIds SELECT version,storeCode,linkId,systemId,price,iMenuCn,iDescCn,iSalesFlag,validFrom,validTo,startTime,endTime,showNameCn,brand,indexID FROM kafka_fusion_store_product, LATERAL TABLE(store_product_drill2(linkIds))",
    "insert into hdfs_fusion_store_product_linkIds_itemLinkids SELECT version,storeCode,N2_linkId as itemlinkId,linkId,systemId,round,price,iMenuCn,iDescCn,iSalesFlag,validFrom,validTo,startTime,endTime,showNameCn,quantity,itemCount,brand,indexID FROM kafka_fusion_store_product, LATERAL TABLE(store_product_drill3(linkIds)) as T(linkId,systemId,round,price,iMenuCn,iDescCn,iSalesFlag,validFrom,validTo,startTime,endTime,showNameCn,quantity,itemCount,N2_linkId,indexID)"
  ]
}