{
  "name": "phmp_tracking_common",
  "jobType": "stream",
  "checkpointPath": "hdfs://yumcluster/aie/recommendation/checkpoint/phmp_tracking_common",
  "parallelism": 3,
  "sourceProperties": [{
    "sourceType": "kafka",
    "version": "0.11",
    "bootstrap.servers": "172.25.203.52:9092,172.25.203.53:9092,172.25.203.54:9092,172.25.203.55:9092,172.25.203.56:9092",
    "topic": "phmp-tracking-common",
    "groupId": "lc-sp-001",
    "consumeMethod": "earliest",
    "format": "json",
    "schema": "struct<durationTime:bigint,userIdType:string,appId:string,eventTime:bigint,itemList:array<struct<itemId:string,itemStatus:string>>,page:string,eventType:string,version:string,brand:string,scenarioId:string,userId:string,uniqueId:string,storeId:string,orderId:string,experimentId:string,clientId:string>",
    "tableName": "kafka_phmp_tracking_common"
  }],
  "sinkProperties": [{
    "sinkType": "bucket",
    "hdfsPrefix": "hdfs://yumcluster/aie/recommendation/sy_topic/phmp_tracking_common",
    "dateTimeBucketer": null,
    "zoneId": null,
    "batchSize": null,
    "batchRolloverIntervalValue": 60000,
    "tableName": "hdfs_phmp_tracking_common",
    "schema": "struct<durationTime:bigint,userIdType:string,appId:string,eventTime:bigint,page:string,eventType:string,version:string,brand:string,scenarioId:string,userId:string,uniqueId:string,storeId:string,orderId:string,experimentId:string,clientId:string>"
  },{
    "sinkType": "bucket",
    "hdfsPrefix": "hdfs://yumcluster/aie/recommendation/sy_topic/phmp_tracking_common_itemList",
    "dateTimeBucketer": null,
    "zoneId": null,
    "batchSize": null,
    "batchRolloverIntervalValue": 60000,
    "tableName": "hdfs_phmp_tracking_common_itemList",
    "schema": "struct<userId:string,uniqueId:string,itemId:string,itemStatus:string,indexID:int>"
  }],
  "udf": {
    "order_drill2": "phmp_tracking_common#itemList"
  },
  "operation":  [
    "insert into hdfs_phmp_tracking_common select durationTime,userIdType,appId,eventTime,page,eventType,version,brand,scenarioId,userId,uniqueId,storeId,orderId,experimentId,clientId from kafka_phmp_tracking_common",
    "insert into hdfs_phmp_tracking_common_itemList SELECT userId,uniqueId,itemId,itemStatus,indexID FROM kafka_phmp_tracking_common, LATERAL TABLE(order_drill2(itemList))"
  ]
}