{
  "name": "recommend_filter",
  "jobType": "stream",
  "checkpointPath": "hdfs://yumcluster/aie/recommendation/checkpoint/recommend_filter",
  "parallelism": 5,
  "sourceProperties": [{
    "sourceType": "kafka",
    "version": "0.11",
    "bootstrap.servers": "172.25.138.65:9010,172.25.138.66:9010,172.25.138.67:9010,172.25.138.68:9010,172.25.138.69:9010,172.25.138.70:9010,172.25.138.72:9010,172.25.138.73:9010",
    "topic": "recommend_filter",
    "groupId": "SY",
    "consumeMethod": "groupOffsets",
    "format": "json",
    "schema": "struct<extra:struct<transactionId:string,systemTime:string,brand:string,scene:string,bucketId:string,planType:string,storeCode:string,cityCode:string,marketCode:string>,list:array<struct<aLinkId:string,bLinkId:string,couponTitle:string,calligraphy:string,linkId:string,sizeId:string,baseId:string,type:string,couponCode:string,itemLinkIds:array<struct<linkId:string,sizeId:string,baseId:string,round:string,type:string>>,promotionCode:string,rank:string>>>",
    "tableName": "kafka_recommend_filter"
  }],
  "sinkProperties": [{
    "sinkType": "bucket",
    "hdfsPrefix": "hdfs://yumcluster/aie/recommendation/sy_topic/recommend_filter",
    "dateTimeBucketer": null,
    "zoneId": null,
    "batchSize": null,
    "batchRolloverIntervalValue": 120000,
    "tableName": "hdfs_recommend_filter",
    "schema": "struct<transactionId:string,systemTime:string,brand:string,scene:string,bucketId:string,planType:string,storeCode:string,cityCode:string,marketCode:string>"
  },{
    "sinkType": "bucket",
    "hdfsPrefix": "hdfs://yumcluster/aie/recommendation/sy_topic/recommend_filter_list",
    "dateTimeBucketer": null,
    "zoneId": null,
    "batchSize": null,
    "batchRolloverIntervalValue": 120000,
    "tableName": "hdfs_recommend_filter_list",
    "schema": "struct<transactionId:string,scene:string,aLinkId:string,bLinkId:string,couponTitle:string,calligraphy:string,linkId:string,sizeId:string,baseId:string,type:string,couponCode:string,promotionCode:string,rank:string,indexID:int>"
  },{
    "sinkType": "bucket",
    "hdfsPrefix": "hdfs://yumcluster/aie/recommendation/sy_topic/recommend_filter_list_itemLinkIds",
    "dateTimeBucketer": null,
    "zoneId": null,
    "batchSize": null,
    "batchRolloverIntervalValue": 120000,
    "tableName": "hdfs_recommend_filter_list_itemLinkids",
    "schema": "struct<transactionId:string,scene:string,linkId:string,sizeId:string,baseId:string,round:string,type:string,indexID:int>"
  }],
  "udf": {
    "recommend_filter_drill2": "recommend_filter#list",
    "recommend_filter_drill3": "recommend_filter#list#itemLinkIds"
  },
  "operation":  [
    "insert into hdfs_recommend_filter SELECT extra.transactionId,extra.systemTime,extra.brand,extra.scene,extra.bucketId,extra.planType,extra.storeCode,extra.cityCode,extra.marketCode FROM kafka_recommend_filter",
    "insert into hdfs_recommend_filter_list SELECT extra.transactionId,extra.scene,aLinkId,bLinkId,couponTitle,calligraphy,linkId,sizeId,baseId,type,couponCode,promotionCode,`rank`,indexID FROM kafka_recommend_filter, LATERAL TABLE(recommend_filter_drill2(list)) as T(aLinkId,bLinkId,couponTitle,calligraphy,linkId,sizeId,baseId,type,couponCode,itemLinkIds,promotionCode,`rank`,indexID)",
    "insert into hdfs_recommend_filter_list_itemLinkids SELECT extra.transactionId,extra.scene,linkId,sizeId,baseId,`round`,type,indexID FROM kafka_recommend_filter, LATERAL TABLE(recommend_filter_drill3(list)) as T(linkId,sizeId,baseId,`round`,type,indexID)"
  ]
}