{
  "name": "store_product_udf_Rtidb",
  "jobType": "stream",
  "parallelism": 10,
  "sourceProperties": [{
    "sourceType": "kafka",
    "version": "0.11",
    "bootstrap.servers": "172.25.203.200:19092,172.25.203.201:19092",
    "topic": "store_product",
    "groupId": "SY5",
    "consumeMethod": "groupOffsets",
    "format": "json",
    "schema": "struct<storeCode:string,channel:string,date:string,linkIds:array<struct<linkId:string,systemId:string,price:int,itemcount:int,iMenuCn:string,iDescCn:string,iSalesFlag:string,validFrom:bigint,validTo:bigint,startTime:bigint,endTime:bigint,showNameCn:string,itemLinkids:array<struct<linkId:string,systemId:string,round:int,price:int,iMenuCn:string,iDescCn:string,iSalesFlag:string,validFrom:bigint,validTo:bigint,startTime:bigint,endTime:bigint,showNameCn:string,quantity:int,itemCount:string>>>>>",
    "tableName": "kafka_store_product"
  }],
  "sinkProperties": [{
    "sinkType": "bucket",
    "hdfsPrefix": "hdfs://yumcluster/aie/recommendation/sy_topic/rtidb_store_product_combo_linkids",
    "dateTimeBucketer": null,
    "zoneId": null,
    "batchSize": null,
    "batchRolloverIntervalValue": 60000,
    "tableName": "hdfs_rtidb_store_product_combo_linkids",
    "schema": "struct<storecode:string,linkids:string,prices:string,insert_time:timestamp,p_biz_date:int>"
  },{
    "sinkType": "bucket",
    "hdfsPrefix": "hdfs://yumcluster/aie/recommendation/sy_topic/rtidb_store_product_single_linkids",
    "dateTimeBucketer": null,
    "zoneId": null,
    "batchSize": null,
    "batchRolloverIntervalValue": 60000,
    "tableName": "hdfs_rtidb_store_product_single_linkids",
    "schema": "struct<storecode:string,linkids:string,prices:string,insert_time:timestamp,p_biz_date:int>"
  },
    {
      "sinkType": "bucket",
      "hdfsPrefix": "hdfs://yumcluster/aie/recommendation/sy_topic/rtidb_store_product_linkids_itemlinkids",
      "dateTimeBucketer": null,
      "zoneId": null,
      "batchSize": null,
      "batchRolloverIntervalValue": 60000,
      "tableName": "hdfs_rtidb_store_product_linkids_itemlinkids",
      "schema": "struct<storecode:string,itemlinkid:string,linkids:string,rounds:string,prices:string,itemcounts:string,insert_time:timestamp,p_biz_date:int>"
    },{
      "sinkType": "rtidb",
      "zkEndpoint": "172.25.203.52:7181,172.25.203.53:7181,172.25.203.54:7181,172.25.203.55:7181,172.25.203.56:7181",
      "zkRootPath": "/rtidb",
      "tableName": "rtidb_store_product_combo_linkids_test",
      "timeColumn": "",
      "timeColumnFormat": "",
      "schema": "struct<storecode:string,linkids:string,prices:string,insert_time:timestamp,p_biz_date:int>"
    },
    {
      "sinkType": "rtidb",
      "zkEndpoint": "172.25.203.52:7181,172.25.203.53:7181,172.25.203.54:7181,172.25.203.55:7181,172.25.203.56:7181",
      "zkRootPath": "/rtidb",
      "tableName": "rtidb_store_product_single_linkids_test",
      "timeColumn": "",
      "timeColumnFormat": "",
      "schema": "struct<storecode:string,linkids:string,prices:string,insert_time:timestamp,p_biz_date:int>"
    },
    {
      "sinkType": "rtidb",
      "zkEndpoint": "172.25.203.52:7181,172.25.203.53:7181,172.25.203.54:7181,172.25.203.55:7181,172.25.203.56:7181",
      "zkRootPath": "/rtidb",
      "tableName": "rtidb_store_product_linkids_itemlinkids_test",
      "timeColumn": "",
      "timeColumnFormat": "",
      "schema": "struct<storecode:string,itemlinkid:string,linkids:string,rounds:string,prices:string,itemcounts:string,insert_time:timestamp,p_biz_date:int>"
    }],
  "operation":  [
    "insert into rtidb_store_product_combo_linkids_test select storeCode as storecode,linkids,prices,LOCALTIMESTAMP as insert_time,CAST(YEAR(CURRENT_DATE)*10000+MONTH(CURRENT_DATE)*100+DAYOFMONTH(CURRENT_DATE) AS INT) as p_biz_date from kafka_store_product,LATERAL TABLE(RTIDBUDF1(linkIds))",
    "insert into rtidb_store_product_single_linkids_test select storeCode as storecode,linkids,prices,LOCALTIMESTAMP as insert_time,CAST(YEAR(CURRENT_DATE)*10000+MONTH(CURRENT_DATE)*100+DAYOFMONTH(CURRENT_DATE) AS INT) as p_biz_date from kafka_store_product,LATERAL TABLE(RTIDBUDF2(linkIds))",
    "insert into rtidb_store_product_linkids_itemlinkids_test select storeCode as storecode,itemlinkid,linkids,rounds,prices,itemcounts,LOCALTIMESTAMP as insert_time,CAST(YEAR(CURRENT_DATE)*10000+MONTH(CURRENT_DATE)*100+DAYOFMONTH(CURRENT_DATE) AS INT) as p_biz_date from kafka_store_product,LATERAL TABLE(RTIDBUDF3(linkIds))"
  ]
}
