{
  "name": "store_product_1",
  "jobType": "stream",
  "parallelism": 1,
  "sourceProperties": [{
    "sourceType": "kafka",
    "version": "0.11",
    "bootstrap.servers": "172.25.138.65:9010,172.25.138.66:9010,172.25.138.67:9010,172.25.138.68:9010,172.25.138.69:9010,172.25.138.70:9010,172.25.138.72:9010,172.25.138.73:9010",
    "topic": "store_product",
    "groupId": "SY1",
    "consumeMethod": "groupOffsets",
    "format": "json",
    "schema": "struct<storeCode:string,channel:string,date:string,linkIds:array<struct<linkId:string,systemId:string,price:int,itemcount:int,iMenuCn:string,iDescCn:string,iSalesFlag:string,validFrom:bigint,validTo:bigint,startTime:bigint,endTime:bigint,showNameCn:string,itemLinkids:array<struct<linkId:string,systemId:string,round:int,price:int,iMenuCn:string,iDescCn:string,iSalesFlag:string,validFrom:bigint,validTo:bigint,startTime:bigint,endTime:bigint,showNameCn:string,quantity:int,itemCount:string>>>>>",
    "tableName": "kafka_store_product"
  }],
  "sinkProperties": [{
    "sinkType": "bucket",
    "hdfsPrefix": "hdfs://yumcluster/aie/recommendation/sy_topic/store_product",
    "dateTimeBucketer": null,
    "zoneId": null,
    "batchSize": null,
    "batchRolloverIntervalValue": 60000,
    "tableName": "hdfs_store_product",
    "schema": "struct<storeCode:string,channel:string,date:string>"
  }],
  "udf": {
    "store_product_drill2": "store_product#linkIds",
    "store_product_drill3": "store_product#linkIds#linkId*itemLinkids"
  },
  "operation":  [
    "insert into hdfs_store_product select storeCode,channel,`date` from kafka_store_product"
  ]
}
