<?xml version="1.0" encoding="UTF-8"?>
<Configuration status="WARN">
    <Appenders>
        <Console name="Console" target="SYSTEM_OUT">
            <PatternLayout pattern="%d{yyyy-MM-dd HH:mm:ss,SSS} [%t] %-5level %l - %msg%n"/>
        </Console>
        <RollingFile
            name="Sample"
            fileName="logs/sample.log"
            filePattern="logs/sample.%i.log.gz"
            ignoreExceptions="false">
            <PatternLayout>
                <Pattern>%m%n</Pattern>
            </PatternLayout>
            <Policies>
                <OnStartupTriggeringPolicy/>
                <SizeBasedTriggeringPolicy size="100MB"/>
            </Policies>
        </RollingFile>
        <RollingFile
            name="Record"
            fileName="logs/record.log"
            filePattern="logs/record.%i.log.gz"
            ignoreExceptions="false">
            <PatternLayout>
                <Pattern>%m%n</Pattern>
            </PatternLayout>
            <Policies>
                <OnStartupTriggeringPolicy/>
                <SizeBasedTriggeringPolicy size="100MB"/>
            </Policies>
        </RollingFile>
        <RollingFile
            name="app"
            fileName="logs/app.log"
            filePattern="logs/app.%i.log.gz"
            ignoreExceptions="false">
            <PatternLayout>
                <Pattern>%d{yyyy-MM-dd HH:mm:ss,SSS} [%t] %-5level %l - %msg%n</Pattern>
            </PatternLayout>
            <Policies>
                <OnStartupTriggeringPolicy/>
                <SizeBasedTriggeringPolicy size="100MB"/>
            </Policies>
        </RollingFile>
    </Appenders>
    <Loggers>
        <AsyncLogger name="sample-log" additivity="false">
            <AppenderRef ref="Sample"/>
        </AsyncLogger>
        <AsyncLogger name="record-log" additivity="false">
            <AppenderRef ref="Record"/>
        </AsyncLogger>
        <Root level="info">
            <AppenderRef ref="Console"/>
            <AppenderRef ref="app"/>
        </Root>
    </Loggers>
</Configuration>
