{
  "UserClickedTitleTermScoresIn10Times": "rezend:1.04;abravanel:1.023;comovent:0.954;adolescent:0.853;silvi:0.837;aparent:0.824;inusit:0.781;ades:0.779;fit:0.755;atençã:0.703",
  "Gender": "",
  "VideoFavoriteCount": 0,
  "VideoDiskileCount": 0,
  "PageId": "00130c7e-a328-4aa2-aae0-8d0e4062c779",
  "CountryId": -1,
  "Position": 6,
  "TotalAdjustImpressions": 14494,
  "Hot": "False",
  "UserClickedTagScoresIn30Minutes": "114:3.0;108:2.0;77:1.0;79:1.0",
  "UserClickedMediaIdsIn10Times": "211:1;92:1;333:1;366:1;223:1",
  "NewsType": "News",
  "TitleTermScores": "poet:0.878;magr:0.856;patric:0.828;aprov:0.518;corp:0.511;filh:0.428;mã:0.427;perd:0.375",
  "PornLevel": 0,
  "Dpi": 320,
  "ContentWords": 381,
  "DevicePlatform": "android",
  "UserClickedTermScoresIn1Times": "ades:0.334;adél:0.264;fit:0.216;choc:0.2;bbb:0.193;dental:0.133;fot:0.13;desigual:0.125;vulg:0.125;calcinh:0.122",
  "VideoLikeCount": 0,
  "UserClickedTermScoresIn30Minutes": "silvi:0.63;fot:0.534;ades:0.334;sant:0.29;twitt:0.277;adél:0.264;reprodu:0.256;fit:0.216;liu:0.206;choc:0.2",
  "OsVersion": "",
  "ImageCountToDisplay": 3,
  "TotalLikes": 12,
  "UserClickedMediaIdsIn1Times": "211:1",
  "UserClickedCatIdsIn10Times": "68:4;27:4;3:3;62:3;1:1;5:1;29:1",
  "TotalFavorites": 0,
  "TotalShares": 4,
  "UserTagScores": "108:1.363;114:1.043;77:0.533;102:0.251;79:0.179;115:0.173;119:0.172;111:0.122;96:0.098;78:0.084",
  "UserClickedTagScoresIn1Times": "108:1.0;114:1.0;77:0.25",
  "TimeSpentReading": "",
  "TermScores": "patric:0.226;magr:0.134;poet:0.103;mã:0.1;jornal:0.088;filh:0.084;mod:0.082;aprov:0.081;corp:0.08;adolescent:0.075",
  "TotalHoursSincePublish": 11.511676248666666,
  "UserIPPort": "",
  "TotalComments": 1,
  "UserClickedTitleTermScoresIn1Times": "ades:0.779;fit:0.755;choc:0.699;bbb:0.674;adél:0.616;internet:0.495;ex:0.315;fot:0.303;faz:0.237",
  "InstanceKey": "00130c7e-a328-4aa2-aae0-8d0e4062c779-4869398",
  "RequestLocation": "",
  "Tag": "4Paradigm:Predict_Hot",
  "VideoCommentCount": 0,
  "UserClickedTitleTermScoresIn5Minutes": "abravanel:1.023;comovent:0.954;ades:0.779;fit:0.755;choc:0.699;bbb:0.674;trac:0.624;adél:0.616;mensag:0.529;fãs:0.515",
  "IPv4AddrOctet1": "",
  "IPv4AddrOctet2": "",
  "UserClickedCatIdsIn1Minutes": "",
  "IPv4AddrOctet3": "",
  "IPv4AddrOctet4": "",
  "TagScores": "91:1.0;79:0.5",
  "UserClickedTagScoresIn10Times": "114:4.0;108:3.0;77:1.25;79:1.0",
  "UserClickedTagScoresIn1Minutes": "",
  "UserClickedTitleTermScoresIn1Minutes": "",
  "UserClickedMediaIdsIn3Times": "211:1;333:1;366:1",
  "UserClickedCatIdsIn30Minutes": "68:3;27:3;3:2;62:2;1:1;5:1;29:1",
  "NewsId": 4869398,
  "UserClickedTagScoresIn5Minutes": "114:2.0;108:1.0;77:0.75",
  "VideoHeight": 0,
  "UserClickedCatIdsIn5Minutes": "27:2;68:2;1:1;3:1;62:1",
  "VideoViewCount": 0,
  "TotalImpressions": 32550,
  "Channel": "GooglePlay",
  "UserClickedTermScoresIn360Minutes": "silvi:0.63;fot:0.534;ades:0.334;sant:0.29;twitt:0.277;adél:0.264;rezend:0.257;reprodu:0.256;fit:0.216;liu:0.206",
  "NumRequestedNews": 10,
  "UserClickedMediaIdsIn1Minutes": "",
  "UserClickedCatIdsIn360Minutes": "68:4;27:4;3:3;62:3;1:1;5:1;29:1",
  "UserClickedTitleTermScoresIn30Minutes": "abravanel:1.023;comovent:0.954;adolescent:0.853;silvi:0.837;aparent:0.824;inusit:0.781;ades:0.779;fit:0.755;atençã:0.703;choc:0.699",
  "UserClickedTermScoresIn3Times": "ades:0.334;adél:0.264;fit:0.216;liu:0.206;choc:0.2;bbb:0.193;anos:0.161;dental:0.133;fot:0.13;vulg:0.125",
  "Birthdate": "",
  "DeviceType": "samsung  SM-G600FY",
  "VersionCode": 30072,
  "Score": 0.04903299221767789,
  "MediaId": 597,
  "UserClickedTermScoresIn10Times": "silvi:0.63;fot:0.534;ades:0.334;sant:0.29;twitt:0.277;adél:0.264;rezend:0.257;reprodu:0.256;fit:0.216;liu:0.206",
  "UserClickedTermScoresIn1Minutes": "",
  "UserClickedTermScoresIn5Minutes": "ades:0.334;adél:0.264;fit:0.216;choc:0.2;bbb:0.193;dental:0.133;fot:0.13;vulg:0.125;desigual:0.125;calcinh:0.122",
  "Resolution": "720*1280",
  "UserClickedCatIdsIn3Times": "68:2;27:2;1:1;3:1;5:1;29:1;62:1",
  "CategoryId": "5,29,43",
  "TotalDislikes": 4,
  "DeviceId": "",
  "VideoWidth": 0,
  "ClickPosition": 0,
  "RequestDatetime": 1560390956302,
  "UserClickedMediaIdsIn360Minutes": "211:1;92:1;333:1;366:1;223:1",
  "UserClickedTagScoresIn360Minutes": "114:4.0;108:3.0;77:1.25;79:1.0",
  "ClickDatetime": 0,
  "RequestLongitude": 0,
  "UserClickedMediaIdsIn5Minutes": "211:1;333:1",
  "ImageCount": 5,
  "NetworkType": "4G",
  "UserClickedTitleTermScoresIn3Times": "abravanel:1.023;comovent:0.954;adolescent:0.853;aparent:0.824;ades:0.779;fit:0.755;atençã:0.703;choc:0.699;bbb:0.674;trac:0.624",
  "UpdateVersionCode": 0,
  "TotalClicks": 3094,
  "UserIp": "189.92.250.0",
  "UserTermScores": "acident carr:0.452;cantor gospel:0.42;acident:0.329;cantor:0.316;gospel famili:0.297;morr grav:0.268;carr:0.266;famã lia:0.25;gospel:0.235;morr:0.203",
  "UserClickedCatIdsIn1Times": "3:1;27:1;68:1;62:1",
  "UserClickedTitleTermScoresIn360Minutes": "rezend:1.04;abravanel:1.023;comovent:0.954;adolescent:0.853;silvi:0.837;aparent:0.824;inusit:0.781;ades:0.779;fit:0.755;atençã:0.703",
  "RequestCategoryId": "",
  "PublishDatetime": "",
  "VideoCrawlerTimeSpan": 0,
  "UserClickedMediaIdsIn30Minutes": "211:1;333:1;366:1;223:1",
  "RequestLatitude": 0,
  "VideoDuration": 0,
  "UserId": "267b1a23-10b8-477d-a6ec-18c3eed4f49a",
  "OsApi": "",
  "UserClickedTagScoresIn3Times": "114:2.0;108:1.0;79:1.0;77:0.75",
  "UserTitleTermScores": ""
}
