{
  "name": "action",
  "jobType": "stream",
  "parallelism": 5,
  "sourceProperties": [{
    "sourceType": "kafka",
    "version": "0.11",
    "bootstrap.servers": "172.27.133.19:9092",
    "topic": "action",
    "groupId": "test",
    "consumeMethod": "latest",
    "format": "json",
    "schema": "struct<transactionId:string,userCode:string,systemTime:bigint,brand:string,channel:string,page:int,action:int,items:array<struct<linkIds:string,systemIds:string,type:int>>,promotionCode:string>",
    "tableName": "kafka_action"
  }],
  "sinkProperties": [{
    "sinkType": "bucket",
    "hdfsPrefix": "hdfs://172.27.133.18:8020/tmp/sy/aie/recommendation/topic_bucket/action",
    "dateTimeBucketer": null,
    "zoneId": null,
    "batchSize": null,
    "batchRolloverIntervalValue": 60000,
    "tableName": "hdfs_action",
    "schema": "struct<transactionId:string,userCode:string,systemTime:bigint,brand:string,channel:string,page:int,action:int,promotionCode:string>"
  },{
    "sinkType": "bucket",
    "hdfsPrefix": "hdfs://172.27.133.18:8020/tmp/sy/aie/recommendation/topic_bucket/action_item",
    "dateTimeBucketer": null,
    "zoneId": null,
    "batchSize": null,
    "batchRolloverIntervalValue": 60000,
    "tableName": "hdfs_action_item",
    "schema": "struct<transactionId:string,linkIds:string,systemIds:string,type:int>"
  }],
  "udf": {
    "action_drill2": "action#items"
  },
  "operation":  [
    "insert into hdfs_action select transactionId,userCode,systemTime,brand,channel,page,action,promotionCode from kafka_action",
    "insert into hdfs_action_item SELECT transactionId,linkIds,systemIds,type FROM kafka_action, LATERAL TABLE(action_drill2(items)) where transactionId <> null"
  ]
}
