{
  "name": "7SingleTopic",
  "jobType": "stream",
  "parallelism": 5,
  "sourceProperties": [{
    "sourceType": "kafka",
    "version": "0.11",
    "bootstrap.servers": "172.27.133.19:9092",
    "topic": "fusion_city",
    "groupId": "test",
    "consumeMethod": "latest",
    "format": "json",
    "schema": "struct<version:string,brand:string,date:string,cityCode:string,cityName:string>",
    "tableName": "kafka_fusion_city"
  },{
    "sourceType": "kafka",
    "version": "0.11",
    "bootstrap.servers": "172.27.133.19:9092",
    "topic": "fusion_city_level",
    "groupId": "test",
    "consumeMethod": "latest",
    "format": "json",
    "schema": "struct<version:string,date:string,brand:string,cityCode:string,cityLevel:string>",
    "tableName": "kafka_fusion_city_level"
  },{
    "sourceType": "kafka",
    "version": "0.11",
    "bootstrap.servers": "172.27.133.19:9092",
    "topic": "fusion_store",
    "groupId": "test",
    "consumeMethod": "latest",
    "format": "json",
    "schema": "struct<version:string,brand:string,date:string,storeCode:string,cityCode:string,cityName:string,marketCode:string,marketName:string>",
    "tableName": "kafka_fusion_store"
  },{
    "sourceType": "kafka",
    "version": "0.11",
    "bootstrap.servers": "172.27.133.19:9092",
    "topic": "fusion_supply_product",
    "groupId": "test",
    "consumeMethod": "latest",
    "format": "json",
    "schema": "struct<version:string,date:string,brand:string,linkId:string,name:string,type:int,size:string,temperature:string,material:string,taste:string,makingWay:string,suitableNum:int,num:int,isNew:int,isForcedRecommend:int,subClass:string,category:string,class:string,subCategory:string>",
    "tableName": "kafka_fusion_supply_product"
  },{
    "sourceType": "kafka",
    "version": "0.11",
    "bootstrap.servers": "172.27.133.19:9092",
    "topic": "fusion_tradeup_product",
    "groupId": "test",
    "consumeMethod": "latest",
    "format": "json",
    "schema": "struct<version:string,date:string,brand:string,type:int,marketCodes:string,cityCodes:string,storeCodes:string,promotionCode:string,productName:string,linkId:string,systemId:string,price:int>",
    "tableName": "kafka_fusion_tradeup_product"
  },{
    "sourceType": "kafka",
    "version": "0.11",
    "bootstrap.servers": "172.27.133.19:9092",
    "topic": "fusion_menu_upgrade",
    "groupId": "test",
    "consumeMethod": "latest",
    "format": "json",
    "schema": "struct<version:string,date:string,brand:string,storeCode:string,cityCode:string,marketCode:string,aLinkId:string,bLinkId:string,couponTitle:string,calligraphy:string,validFrom:bigint,validTo:bigint,startTime:int,endTime:int,channel:string>",
    "tableName": "kafka_fusion_menu_upgrade"
  },{
    "sourceType": "kafka",
    "version": "0.11",
    "bootstrap.servers": "172.27.133.19:9092",
    "topic": "fusion_shopping_cart_supply",
    "groupId": "test",
    "consumeMethod": "latest",
    "format": "json",
    "schema": "struct<version:string,date:string,brand:string,systemId:string,linkId:string,name:string>",
    "tableName": "kafka_fusion_shopping_cart_supply"
  }],
  "sinkProperties": [{
    "sinkType": "bucket",
    "hdfsPrefix": "hdfs://172.27.133.18:8020/tmp/sy/aie/recommendation/sy_topic/fusion_city",
    "dateTimeBucketer": null,
    "zoneId": null,
    "batchSize": null,
    "batchRolloverIntervalValue": 60000,
    "tableName": "hdfs_fusion_city",
    "schema": "struct<version:string,brand:string,date:string,cityCode:string,cityName:string>"
  },{
    "sinkType": "bucket",
    "hdfsPrefix": "hdfs://172.27.133.18:8020/tmp/sy/aie/recommendation/sy_topic/fusion_city_level",
    "dateTimeBucketer": null,
    "zoneId": null,
    "batchSize": null,
    "batchRolloverIntervalValue": 60000,
    "tableName": "hdfs_fusion_city_level",
    "schema": "struct<version:string,date:string,brand:string,cityCode:string,cityLevel:string>"
  },{
    "sinkType": "bucket",
    "hdfsPrefix": "hdfs://172.27.133.18:8020/tmp/sy/aie/recommendation/sy_topic/fusion_store",
    "dateTimeBucketer": null,
    "zoneId": null,
    "batchSize": null,
    "batchRolloverIntervalValue": 60000,
    "tableName": "hdfs_fusion_store",
    "schema": "struct<version:string,brand:string,date:string,storeCode:string,cityCode:string,cityName:string,marketCode:string,marketName:string>"
  },{
    "sinkType": "bucket",
    "hdfsPrefix": "hdfs://172.27.133.18:8020/tmp/sy/aie/recommendation/sy_topic/fusion_supply_product",
    "dateTimeBucketer": null,
    "zoneId": null,
    "batchSize": null,
    "batchRolloverIntervalValue": 60000,
    "tableName": "hdfs_fusion_supply_product",
    "schema": "struct<version:string,date:string,brand:string,linkId:string,name:string,type:int,size:string,temperature:string,material:string,taste:string,makingWay:string,suitableNum:int,num:int,isNew:int,isForcedRecommend:int,subClass:string,category:string,class:string,subCategory:string>"
  },{
    "sinkType": "bucket",
    "hdfsPrefix": "hdfs://172.27.133.18:8020/tmp/sy/aie/recommendation/sy_topic/fusion_tradeup_product",
    "dateTimeBucketer": null,
    "zoneId": null,
    "batchSize": null,
    "batchRolloverIntervalValue": 60000,
    "tableName": "hdfs_fusion_tradeup_product",
    "schema": "struct<version:string,date:string,brand:string,type:int,marketCodes:string,cityCodes:string,storeCodes:string,promotionCode:string,productName:string,linkId:string,systemId:string,price:int>"
  },{
    "sinkType": "bucket",
    "hdfsPrefix": "hdfs://172.27.133.18:8020/tmp/sy/aie/recommendation/sy_topic/fusion_menu_upgrade",
    "dateTimeBucketer": null,
    "zoneId": null,
    "batchSize": null,
    "batchRolloverIntervalValue": 60000,
    "tableName": "hdfs_fusion_menu_upgrade",
    "schema": "struct<version:string,date:string,brand:string,storeCode:string,cityCode:string,marketCode:string,aLinkId:string,bLinkId:string,couponTitle:string,calligraphy:string,validFrom:bigint,validTo:bigint,startTime:int,endTime:int,channel:string>"
  },{
    "sinkType": "bucket",
    "hdfsPrefix": "hdfs://172.27.133.18:8020/tmp/sy/aie/recommendation/sy_topic/fusion_shopping_cart_supply",
    "dateTimeBucketer": null,
    "zoneId": null,
    "batchSize": null,
    "batchRolloverIntervalValue": 60000,
    "tableName": "hdfs_fusion_shopping_cart_supply",
    "schema": "struct<version:string,date:string,brand:string,systemId:string,linkId:string,name:string>"
  }],
  "operation":  [
    "insert into hdfs_fusion_city select * from kafka_fusion_city",
    "insert into hdfs_fusion_city_level select * from kafka_fusion_city_level",
    "insert into hdfs_fusion_store select * from kafka_fusion_store",
    "insert into hdfs_fusion_supply_product select * from kafka_fusion_supply_product",
    "insert into hdfs_fusion_tradeup_product select * from kafka_fusion_tradeup_product",
    "insert into hdfs_fusion_menu_upgrade select * from kafka_fusion_menu_upgrade",
    "insert into hdfs_fusion_shopping_cart_supply select * from kafka_fusion_shopping_cart_supply"
  ]
}