{
  "name": "kfc-tradeup-logging&ph-app-tracking",
  "jobType": "stream",
  "parallelism": 5,
  "sourceProperties": [{
    "sourceType": "kafka",
    "version": "0.11",
    "bootstrap.servers": "172.27.133.19:9092",
    "topic": "kfc-tradeup-logging",
    "groupId": "test",
    "consumeMethod": "latest",
    "format": "json",
    "schema": "struct<_apiServer_debug_sample_:string,brand:string,experimentId:string,transactionId:string,userCode:string,uniqueId:string,sell_code:string,predictScore:double,systemTime:bigint,transaction_guid:string,store_code:string,biz_date:string,p_biz_date:int,yumid:string,daypart_name:string,work_day_name:string,cart_kidstoyflag:bigint,cart_side_sold:bigint,cart_coffee_sold:bigint,cart_conge_sold:bigint,cart_nutrition_sold:bigint,cart_panini_sold:bigint,cart_riceroll_sold:bigint,cart_dabing_sold:bigint,cart_burger_sold:bigint,cart_chickensnack_sold:bigint,cart_cob_sold:bigint,cart_csd_sold:bigint,cart_eggtart_sold:bigint,cart_icecream_sold:bigint,cart_sidefrenchfries_sold:bigint,cart_sideothers_sold:bigint,cart_tea_sold:bigint,cart_twister_sold:bigint,cart_wing_sold:bigint,cart_waffle_sold:bigint,cart_croissant_sold:bigint,cart_nonfood_sold:bigint,cart_pie_sold:bigint,cart_juice_sold:bigint,cart_rice_sold:bigint,cart_lto_sold:bigint,cart_combo_unit_sold:bigint,cart_single_unit_sold:bigint,cart_combo_sell_price:double,cart_single_sell_price:double,cart_total_unit_sold:bigint,preorder_channel_name:string,cart_ta:double,tradeup_sell_code:string,sell_code_recall:string,city_val:double,city_rank:int,val:bigint,rank:int,label:int,u_tc:bigint,u_ta:double,u_breakfast_tc:bigint,u_nonbreakfast_tc:bigint,u_morning_tc:bigint,u_lunch_tc:bigint,u_afternoon_tc:bigint,u_dinner_tc:bigint,u_latenight_tc:bigint,u_mon_tc:bigint,u_tue_tc:bigint,u_wen_tc:bigint,u_thu_tc:bigint,u_fri_tc:bigint,u_sat_tc:bigint,u_sun_tc:bigint,u_tier1_tc:bigint,u_tier2_tc:bigint,u_tier3_tc:bigint,u_tier4_tc:bigint,u_tier5_tc:bigint,u_tier6_tc:bigint,u_breakfast_maxta:double,u_nonbreakfast_maxta:double,u_morning_maxta:double,u_lunch_maxta:double,u_afternoon_maxta:double,u_dinner_maxta:double,u_latenight_maxta:double,u_mon_maxta:double,u_tue_maxta:double,u_wen_maxta:double,u_thu_maxta:double,u_fri_maxta:double,u_sat_maxta:double,u_sun_maxta:double,u_breakfast_minta:double,u_nonbreakfast_minta:double,u_morning_minta:double,u_lunch_minta:double,u_afternoon_minta:double,u_dinner_minta:double,u_latenight_minta:double,u_mon_minta:double,u_tue_minta:double,u_wen_minta:double,u_thu_minta:double,u_fri_minta:double,u_sat_minta:double,u_sun_minta:double,u_breakfast_avgta:double,u_nonbreakfast_avgta:double,u_morning_avgta:double,u_lunch_avgta:double,u_afternoon_avgta:double,u_dinner_avgta:double,u_latenight_avgta:double,u_mon_avgta:double,u_tue_avgta:double,u_wen_avgta:double,u_thu_avgta:double,u_fri_avgta:double,u_sat_avgta:double,u_sun_avgta:double,u_breakfast_sumta:double,u_nonbreakfast_sumta:double,u_morning_sumta:double,u_lunch_sumta:double,u_afternoon_sumta:double,u_dinner_sumta:double,u_latenight_sumta:double,u_mon_sumta:double,u_tue_sumta:double,u_wen_sumta:double,u_thu_sumta:double,u_fri_sumta:double,u_sat_sumta:double,u_sun_sumta:double,u_breakfast_std_ta:double,u_nonbreakfast_std_ta:double,u_morning_std_ta:double,u_lunch_std_ta:double,u_afternoon_std_ta:double,u_dinner_std_ta:double,u_latenight_std_ta:double,u_mon_std_ta:double,u_tue_std_ta:double,u_wen_std_ta:double,u_thu_std_ta:double,u_fri_std_ta:double,u_sat_std_ta:double,u_sun_std_ta:double,u_avg_discount:double,u_max_discount:double,u_min_discount:double,u_sum_discount:double,u_std_discount:double,u_avg_ta_by_ps:double,u_std_ta_by_ps:double,u_avg_city_tier:double,u_max_city_tier:int,u_min_city_tier:int,u_std_city_tier:double,u_avg_party_size:double,u_max_party_size:int,u_min_party_size:int,u_std_party_size:double,u_cor_ta_da:double,u_distinct_daypart:bigint,u_distinct_city:bigint,u_distinct_work_day:bigint,u_distinct_store:bigint,u_delivery_tc:bigint,u_delivery_ta:double,u_avg_delivery_party_size:double,u_max_delivery_party_size:int,u_min_delivery_party_size:int,u_std_delivery_party_size:double,u_preorder_tc:bigint,u_preorder_ta:double,u_avg_preorder_party_size:double,u_max_preorder_party_size:int,u_min_preorder_party_size:int,u_std_preorder_party_size:double,u_side_sold:bigint,u_coffee_sold:bigint,u_congee_sold:bigint,u_nutrition_sold:bigint,u_panini_sold:bigint,u_riceroll_sold:bigint,u_dabing_sold:bigint,u_burger_sold:bigint,u_chickensnack_sold:bigint,u_cob_sold:bigint,u_csd_sold:bigint,u_eggtart_sold:bigint,u_icecream_sold:bigint,u_sidefrenchfries_sold:bigint,u_sideothers_sold:bigint,u_tea_sold:bigint,u_twister_sold:bigint,u_wing_sold:bigint,u_waffle_sold:bigint,u_croissant_sold:bigint,u_nonfood_sold:bigint,u_pie_sold:bigint,u_juice_sold:bigint,u_rice_sold:bigint,u_lto_sold:bigint,u_side_sell_price:double,u_coffee_sell_price:double,u_congee_sell_price:double,u_nutrition_sell_price:double,u_panini_sell_price:double,u_riceroll_sell_price:double,u_dabing_sell_price:double,u_burger_sell_price:double,u_chickensnack_sell_price:double,u_cob_sell_price:double,u_csd_sell_price:double,u_eggtart_sell_price:double,u_icecream_sell_price:double,u_sidefrenchfries_sell_price:double,u_sideothers_sell_price:double,u_tea_sell_price:double,u_twister_sell_price:double,u_wing_sell_price:double,u_waffle_sell_price:double,u_croissant_sell_price:double,u_nonfood_sell_price:double,u_pie_sell_price:double,u_juice_sell_price:double,u_rice_sell_price:double,u_lto_sell_price:double,u_single_product_number:double,u_combo_product_number:double,u_kids_meal_toy_num:bigint,u_trade_up_num:int,u_chicken_burger_soldratio_orlean:double,u_chicken_burger_soldratio_spicy:double,u_chicken_burger_soldratio_crusty:double,u_lasttrans_nb_date:string,u_lasttrans_nb_store_code:string,u_lasttrans_nb_city:string,u_lasttrans_nb_city_tier:int,u_lasttrans_nb_ta:double,u_lasttrans_nb_daypart:string,u_lasttrans_nb_sell_code:string,u_lasttrans_b_date:string,u_lasttrans_b_store_code:string,u_lasttrans_b_city:string,u_lasttrans_b_city_tier:int,u_lasttrans_b_ta:double,u_lasttrans_b_daypart:string,u_lasttrans_b_sell_code:string,u_breakfastcard_flag:int,u_coffeecard_flag:int,u_deliverycard_flag:int,u_dashencard_flag:int,s_sumtc:bigint,s_sumta:double,s_avg_ta:double,s_breakfast_tc_ratio:double,s_morning_tc_ratio:double,s_lunch_tc_ratio:double,s_afternoon_tc_ratio:double,s_dinner_tc_ratio:double,s_latenight_tc_ratio:double,s_breakfast_avgta:double,s_morning_avgta:double,s_lunch_avgta:double,s_afternoon_avgta:double,s_dinner_avgta:double,s_latenight_avgta:double,s_city_tier:int,s_side_sold_ratio:double,s_coffee_sold_ratio:double,s_congee_sold_ratio:double,s_nutrition_sold_ratio:double,s_panini_sold_ratio:double,s_riceroll_sold_ratio:double,s_dabing_sold_ratio:double,s_burger_sold_ratio:double,s_chickensnack_sold_ratio:double,s_cob_sold_ratio:double,s_csd_sold_ratio:double,s_eggtart_sold_ratio:double,s_icecream_sold_ratio:double,s_sidefrenchfries_sold_ratio:double,s_sideothers_sold_ratio:double,s_tea_sold_ratio:double,s_twister_sold_ratio:double,s_wing_sold_ratio:double,s_waffle_sold_ratio:double,s_croissant_sold_ratio:double,s_nonfood_sold_ratio:double,s_pie_sold_ratio:double,s_juice_sold_ratio:double,s_rice_sold_ratio:double,s_lto_sold_ratio:double,s_breakfast_avgpartysize:double,s_morning_avgpartysize:double,s_lunch_avgpartysize:double,s_afternoon_avgpartysize:double,s_dinner_avgpartysize:double,s_latenight_avgpartysize:double,s_transport:int,s_typea:int,s_typex:int,s_typesm:int,s_typed:int,s_typec:int,s_typeb:int,s_typer:int,s_typet:int,s_typeapt:int,s_typetpc:int,s_typeo:int,s_typem:int,s_typebs:int,s_typehw:int,s_typeot:int,s_typeu:int,s_typez:int,s_typehp:int,s_types:int,s_typewm:int,kidstoyflag:int,side_flag:int,coffee_flag:int,conge_flag:int,nutrition_flag:int,panini_flag:int,riceroll_flag:int,dabing_flag:int,burger_flag:int,chickensnack_flag:int,cob_flag:int,csd_flag:int,eggtart_flag:int,icecream_flag:int,sidefrenchfries_flag:int,sideothers_flag:int,tea_flag:int,twister_flag:int,wing_flag:int,waffle_flag:int,croissant_flag:int,nonfood_flag:int,pie_flag:int,juice_flag:int,rice_flag:int,lto_flag:int,daypart_sold_ratio:double,category_sold_ratio:double,newproduct_flag:int,item_sell_price:double,item_alc_price:double,price:double,city_name:string>",
    "tableName": "kafka_kfc_tradeup_logging"
  },{
    "sourceType": "kafka",
    "version": "0.11",
    "bootstrap.servers": "172.27.133.19:9092",
    "topic": "ph-app-tracking",
    "groupId": "test",
    "consumeMethod": "latest",
    "format": "json",
    "schema": "struct<uniqueId:string,version:string,brand:string,appId:string,experimentId:string,scenarioId:string,userIdType:string,userId:string,page:string,eventType:string,eventTime:string,durationTime:string,itemList:array<struct<itemId:string,itemRank:string,itemScore:string>>>",
    "tableName": "kafka_ph_app_tracking"
  }],
  "sinkProperties": [{
    "sinkType": "bucket",
    "hdfsPrefix": "hdfs://172.27.133.18:8020/tmp/sy/aie/recommendation/topic_bucket/kfc_tradeup_logging",
    "dateTimeBucketer": null,
    "zoneId": null,
    "batchSize": null,
    "batchRolloverIntervalValue": 60000,
    "tableName": "hdfs_kfc_tradeup_logging",
    "schema": "struct<_apiServer_debug_sample_:string,brand:string,experimentId:string,transactionId:string,userCode:string,uniqueId:string,sell_code:string,predictScore:double,systemTime:bigint,transaction_guid:string,store_code:string,biz_date:string,p_biz_date:int,yumid:string,daypart_name:string,work_day_name:string,cart_kidstoyflag:bigint,cart_side_sold:bigint,cart_coffee_sold:bigint,cart_conge_sold:bigint,cart_nutrition_sold:bigint,cart_panini_sold:bigint,cart_riceroll_sold:bigint,cart_dabing_sold:bigint,cart_burger_sold:bigint,cart_chickensnack_sold:bigint,cart_cob_sold:bigint,cart_csd_sold:bigint,cart_eggtart_sold:bigint,cart_icecream_sold:bigint,cart_sidefrenchfries_sold:bigint,cart_sideothers_sold:bigint,cart_tea_sold:bigint,cart_twister_sold:bigint,cart_wing_sold:bigint,cart_waffle_sold:bigint,cart_croissant_sold:bigint,cart_nonfood_sold:bigint,cart_pie_sold:bigint,cart_juice_sold:bigint,cart_rice_sold:bigint,cart_lto_sold:bigint,cart_combo_unit_sold:bigint,cart_single_unit_sold:bigint,cart_combo_sell_price:double,cart_single_sell_price:double,cart_total_unit_sold:bigint,preorder_channel_name:string,cart_ta:double,tradeup_sell_code:string,sell_code_recall:string,city_val:double,city_rank:int,val:bigint,rank:int,label:int,u_tc:bigint,u_ta:double,u_breakfast_tc:bigint,u_nonbreakfast_tc:bigint,u_morning_tc:bigint,u_lunch_tc:bigint,u_afternoon_tc:bigint,u_dinner_tc:bigint,u_latenight_tc:bigint,u_mon_tc:bigint,u_tue_tc:bigint,u_wen_tc:bigint,u_thu_tc:bigint,u_fri_tc:bigint,u_sat_tc:bigint,u_sun_tc:bigint,u_tier1_tc:bigint,u_tier2_tc:bigint,u_tier3_tc:bigint,u_tier4_tc:bigint,u_tier5_tc:bigint,u_tier6_tc:bigint,u_breakfast_maxta:double,u_nonbreakfast_maxta:double,u_morning_maxta:double,u_lunch_maxta:double,u_afternoon_maxta:double,u_dinner_maxta:double,u_latenight_maxta:double,u_mon_maxta:double,u_tue_maxta:double,u_wen_maxta:double,u_thu_maxta:double,u_fri_maxta:double,u_sat_maxta:double,u_sun_maxta:double,u_breakfast_minta:double,u_nonbreakfast_minta:double,u_morning_minta:double,u_lunch_minta:double,u_afternoon_minta:double,u_dinner_minta:double,u_latenight_minta:double,u_mon_minta:double,u_tue_minta:double,u_wen_minta:double,u_thu_minta:double,u_fri_minta:double,u_sat_minta:double,u_sun_minta:double,u_breakfast_avgta:double,u_nonbreakfast_avgta:double,u_morning_avgta:double,u_lunch_avgta:double,u_afternoon_avgta:double,u_dinner_avgta:double,u_latenight_avgta:double,u_mon_avgta:double,u_tue_avgta:double,u_wen_avgta:double,u_thu_avgta:double,u_fri_avgta:double,u_sat_avgta:double,u_sun_avgta:double,u_breakfast_sumta:double,u_nonbreakfast_sumta:double,u_morning_sumta:double,u_lunch_sumta:double,u_afternoon_sumta:double,u_dinner_sumta:double,u_latenight_sumta:double,u_mon_sumta:double,u_tue_sumta:double,u_wen_sumta:double,u_thu_sumta:double,u_fri_sumta:double,u_sat_sumta:double,u_sun_sumta:double,u_breakfast_std_ta:double,u_nonbreakfast_std_ta:double,u_morning_std_ta:double,u_lunch_std_ta:double,u_afternoon_std_ta:double,u_dinner_std_ta:double,u_latenight_std_ta:double,u_mon_std_ta:double,u_tue_std_ta:double,u_wen_std_ta:double,u_thu_std_ta:double,u_fri_std_ta:double,u_sat_std_ta:double,u_sun_std_ta:double,u_avg_discount:double,u_max_discount:double,u_min_discount:double,u_sum_discount:double,u_std_discount:double,u_avg_ta_by_ps:double,u_std_ta_by_ps:double,u_avg_city_tier:double,u_max_city_tier:int,u_min_city_tier:int,u_std_city_tier:double,u_avg_party_size:double,u_max_party_size:int,u_min_party_size:int,u_std_party_size:double,u_cor_ta_da:double,u_distinct_daypart:bigint,u_distinct_city:bigint,u_distinct_work_day:bigint,u_distinct_store:bigint,u_delivery_tc:bigint,u_delivery_ta:double,u_avg_delivery_party_size:double,u_max_delivery_party_size:int,u_min_delivery_party_size:int,u_std_delivery_party_size:double,u_preorder_tc:bigint,u_preorder_ta:double,u_avg_preorder_party_size:double,u_max_preorder_party_size:int,u_min_preorder_party_size:int,u_std_preorder_party_size:double,u_side_sold:bigint,u_coffee_sold:bigint,u_congee_sold:bigint,u_nutrition_sold:bigint,u_panini_sold:bigint,u_riceroll_sold:bigint,u_dabing_sold:bigint,u_burger_sold:bigint,u_chickensnack_sold:bigint,u_cob_sold:bigint,u_csd_sold:bigint,u_eggtart_sold:bigint,u_icecream_sold:bigint,u_sidefrenchfries_sold:bigint,u_sideothers_sold:bigint,u_tea_sold:bigint,u_twister_sold:bigint,u_wing_sold:bigint,u_waffle_sold:bigint,u_croissant_sold:bigint,u_nonfood_sold:bigint,u_pie_sold:bigint,u_juice_sold:bigint,u_rice_sold:bigint,u_lto_sold:bigint,u_side_sell_price:double,u_coffee_sell_price:double,u_congee_sell_price:double,u_nutrition_sell_price:double,u_panini_sell_price:double,u_riceroll_sell_price:double,u_dabing_sell_price:double,u_burger_sell_price:double,u_chickensnack_sell_price:double,u_cob_sell_price:double,u_csd_sell_price:double,u_eggtart_sell_price:double,u_icecream_sell_price:double,u_sidefrenchfries_sell_price:double,u_sideothers_sell_price:double,u_tea_sell_price:double,u_twister_sell_price:double,u_wing_sell_price:double,u_waffle_sell_price:double,u_croissant_sell_price:double,u_nonfood_sell_price:double,u_pie_sell_price:double,u_juice_sell_price:double,u_rice_sell_price:double,u_lto_sell_price:double,u_single_product_number:double,u_combo_product_number:double,u_kids_meal_toy_num:bigint,u_trade_up_num:int,u_chicken_burger_soldratio_orlean:double,u_chicken_burger_soldratio_spicy:double,u_chicken_burger_soldratio_crusty:double,u_lasttrans_nb_date:string,u_lasttrans_nb_store_code:string,u_lasttrans_nb_city:string,u_lasttrans_nb_city_tier:int,u_lasttrans_nb_ta:double,u_lasttrans_nb_daypart:string,u_lasttrans_nb_sell_code:string,u_lasttrans_b_date:string,u_lasttrans_b_store_code:string,u_lasttrans_b_city:string,u_lasttrans_b_city_tier:int,u_lasttrans_b_ta:double,u_lasttrans_b_daypart:string,u_lasttrans_b_sell_code:string,u_breakfastcard_flag:int,u_coffeecard_flag:int,u_deliverycard_flag:int,u_dashencard_flag:int,s_sumtc:bigint,s_sumta:double,s_avg_ta:double,s_breakfast_tc_ratio:double,s_morning_tc_ratio:double,s_lunch_tc_ratio:double,s_afternoon_tc_ratio:double,s_dinner_tc_ratio:double,s_latenight_tc_ratio:double,s_breakfast_avgta:double,s_morning_avgta:double,s_lunch_avgta:double,s_afternoon_avgta:double,s_dinner_avgta:double,s_latenight_avgta:double,s_city_tier:int,s_side_sold_ratio:double,s_coffee_sold_ratio:double,s_congee_sold_ratio:double,s_nutrition_sold_ratio:double,s_panini_sold_ratio:double,s_riceroll_sold_ratio:double,s_dabing_sold_ratio:double,s_burger_sold_ratio:double,s_chickensnack_sold_ratio:double,s_cob_sold_ratio:double,s_csd_sold_ratio:double,s_eggtart_sold_ratio:double,s_icecream_sold_ratio:double,s_sidefrenchfries_sold_ratio:double,s_sideothers_sold_ratio:double,s_tea_sold_ratio:double,s_twister_sold_ratio:double,s_wing_sold_ratio:double,s_waffle_sold_ratio:double,s_croissant_sold_ratio:double,s_nonfood_sold_ratio:double,s_pie_sold_ratio:double,s_juice_sold_ratio:double,s_rice_sold_ratio:double,s_lto_sold_ratio:double,s_breakfast_avgpartysize:double,s_morning_avgpartysize:double,s_lunch_avgpartysize:double,s_afternoon_avgpartysize:double,s_dinner_avgpartysize:double,s_latenight_avgpartysize:double,s_transport:int,s_typea:int,s_typex:int,s_typesm:int,s_typed:int,s_typec:int,s_typeb:int,s_typer:int,s_typet:int,s_typeapt:int,s_typetpc:int,s_typeo:int,s_typem:int,s_typebs:int,s_typehw:int,s_typeot:int,s_typeu:int,s_typez:int,s_typehp:int,s_types:int,s_typewm:int,kidstoyflag:int,side_flag:int,coffee_flag:int,conge_flag:int,nutrition_flag:int,panini_flag:int,riceroll_flag:int,dabing_flag:int,burger_flag:int,chickensnack_flag:int,cob_flag:int,csd_flag:int,eggtart_flag:int,icecream_flag:int,sidefrenchfries_flag:int,sideothers_flag:int,tea_flag:int,twister_flag:int,wing_flag:int,waffle_flag:int,croissant_flag:int,nonfood_flag:int,pie_flag:int,juice_flag:int,rice_flag:int,lto_flag:int,daypart_sold_ratio:double,category_sold_ratio:double,newproduct_flag:int,item_sell_price:double,item_alc_price:double,price:double,city_name:string>"
  },{
    "sinkType": "bucket",
    "hdfsPrefix": "hdfs://172.27.133.18:8020/tmp/sy/aie/recommendation/topic_bucket/ph_app_tracking",
    "dateTimeBucketer": null,
    "zoneId": null,
    "batchSize": null,
    "batchRolloverIntervalValue": 60000,
    "tableName": "hdfs_ph_app_tracking",
    "schema": "struct<uniqueId:string,version:string,brand:string,appId:string,experimentId:string,scenarioId:string,userIdType:string,userId:string,page:string,eventType:string,eventTime:string,durationTime:string>"
  },{
    "sinkType": "bucket",
    "hdfsPrefix": "hdfs://172.27.133.18:8020/tmp/sy/aie/recommendation/topic_bucket/ph_app_tracking_itemList",
    "dateTimeBucketer": null,
    "zoneId": null,
    "batchSize": null,
    "batchRolloverIntervalValue": 60000,
    "tableName": "hdfs_ph_app_tracking_itemList",
    "schema": "struct<uniqueId:string,userId:string,itemId:string,itemRank:string,itemScore:string>"
  }],"udf": {
    "ph_app_tracking_drill2": "ph_app_tracking#itemList"
  },
  "operation":  [
    "insert into hdfs_kfc_tradeup_logging select * from kafka_kfc_tradeup_logging",
    "insert into hdfs_ph_app_tracking select uniqueId,version,brand,appId,experimentId,scenarioId,userIdType,userId,page,eventType,eventTime,durationTime from kafka_ph_app_tracking",
    "insert into hdfs_ph_app_tracking_itemList select uniqueId,userId,itemId,itemRank,itemScore from kafka_ph_app_tracking,LATERAL TABLE(ph_app_tracking_drill2(itemList))"
  ]
}
