{
  "name": "menu_force",
  "jobType": "stream",
  "parallelism": 5,
  "sourceProperties": [{
    "sourceType": "kafka",
    "version": "0.11",
    "bootstrap.servers": "172.27.133.19:9092",
    "topic": "menu_force",
    "groupId": "test",
    "consumeMethod": "latest",
    "format": "json",
    "schema": "struct<brand:string,date:string,storeCode:string,linkId:string,sizeId:string,baseId:string,type:int,couponCode:string,promotionCode:string,validFrom:string,validTo:string,startTime:string,endTime:string,itemLinkIds:array<struct<linkId:string,sizeId:string,baseId:string,type:int,round:int>>>",
    "tableName": "kafka_menu_force"
  }],
  "sinkProperties": [{
    "sinkType": "bucket",
    "hdfsPrefix": "hdfs://172.27.133.18:8020/tmp/sy/aie/recommendation/topic_bucket/menu_force",
    "dateTimeBucketer": null,
    "zoneId": null,
    "batchSize": null,
    "batchRolloverIntervalValue": 60000,
    "tableName": "hdfs_menu_force",
    "schema": "struct<brand:string,date:string,storeCode:string,linkId:string,sizeId:string,baseId:string,type:int,couponCode:string,promotionCode:string,validFrom:string,validTo:string,startTime:string,endTime:string>"
  },{
    "sinkType": "bucket",
    "hdfsPrefix": "hdfs://172.27.133.18:8020/tmp/sy/aie/recommendation/topic_bucket/menu_force_itemLinkIds",
    "dateTimeBucketer": null,
    "zoneId": null,
    "batchSize": null,
    "batchRolloverIntervalValue": 60000,
    "tableName": "hdfs_menu_force_itemLinkIds",
    "schema": "struct<linkId:string,itemLinkId_linkId:string,sizeId:string,baseId:string,type:int,round:int>"
  }],
  "udf": {
    "menu_force_drill2": "menu_force#itemLinkIds"
  },
  "operation":  [
    "insert into hdfs_menu_force select brand,`date`,storeCode,linkId,sizeId,baseId,type,couponCode,promotionCode,validFrom,validTo,startTime,endTime from kafka_menu_force",
    "insert into hdfs_menu_force_itemLinkIds SELECT linkId,itemLinkId_linkId,itemLinkId_sizeId,itemLinkId_baseId,itemLinkId_type,itemLinkId_round FROM kafka_menu_force, LATERAL TABLE(menu_force_drill2(itemLinkIds)) as T(itemLinkId_linkId,itemLinkId_sizeId,itemLinkId_baseId,itemLinkId_type,itemLinkId_round)"
  ]
}
