{
  "name": "order",
  "jobType": "stream",
  "parallelism": 5,
  "sourceProperties": [{
    "sourceType": "kafka",
    "version": "0.11",
    "bootstrap.servers": "172.27.133.19:9092",
    "topic": "order",
    "groupId": "test",
    "consumeMethod": "latest",
    "format": "json",
    "schema": "struct<transactionId:string,userCode:string,orderTime:bigint,promiseTime:bigint,orderAmount:int,realOrderAmount:int,orderingTime:int,storeCode:string,channel:string,marketCode:string,cityCode:string,cityName:string,brand:string,address:string,addressType:string,coordinate_x:string,coordinate_y:string,userId:string,deliveryTimeOfMap:string,gender:string,iLinkMan:string,iRemark:string,needInvoice:string,invoiceTitle:string,payChannel:string,bookingType:boolean,openId:string,deviceId:string,orderItems:array<struct<orderItemId:string,linkId:string,sizeId:string,baseId:string,num:int,price:int,realPrice:int,type:int,couponCode:string,promotionCode:string,itemLinkIds:array<struct<linkId:string,sizeId:string,baseId:string,num:int,price:int,round:int>>>>>",
    "tableName": "kafka_order"
  }],
  "sinkProperties": [{
    "sinkType": "bucket",
    "hdfsPrefix": "hdfs://172.27.133.18:8020/tmp/sy/aie/recommendation/topic_bucket/order",
    "dateTimeBucketer": null,
    "zoneId": null,
    "batchSize": null,
    "batchRolloverIntervalValue": 60000,
    "tableName": "hdfs_order",
    "schema": "struct<transactionId:string,userCode:string,orderTime:bigint,promiseTime:bigint,orderAmount:int,realOrderAmount:int,orderingTime:int,storeCode:string,channel:string,marketCode:string,cityCode:string,cityName:string,brand:string>"
  },{
    "sinkType": "bucket",
    "hdfsPrefix": "hdfs://172.27.133.18:8020/tmp/sy/aie/recommendation/topic_bucket/order_orderItems",
    "dateTimeBucketer": null,
    "zoneId": null,
    "batchSize": null,
    "batchRolloverIntervalValue": 60000,
    "tableName": "hdfs_order_orderItems",
    "schema": "struct<transactionId:string,orderItemId:string,linkId:string,sizeId:string,baseId:string,num:int,price:int,realPrice:int,type:int,couponCode:string,promotionCode:string>"
  },{
    "sinkType": "bucket",
    "hdfsPrefix": "hdfs://172.27.133.18:8020/tmp/sy/aie/recommendation/topic_bucket/order_orderItems_itemLinkIds",
    "dateTimeBucketer": null,
    "zoneId": null,
    "batchSize": null,
    "batchRolloverIntervalValue": 60000,
    "tableName": "hdfs_order_orderItems_itemLinkIds",
    "schema": "struct<transactionId:string,orderItemId:string,itemid_linkId:string,linkId:string,sizeId:string,baseId:string,num:int,price:int,round:int>"
  }],
  "udf": {
    "order_drill2": "order#orderItems",
    "order_drill3": "order#orderItems#orderItemId*linkId*itemLinkIds"
  },
  "operation":  [
    "insert into hdfs_order select transactionId,userCode,orderTime,promiseTime,orderAmount,realOrderAmount,orderingTime,storeCode,channel,marketCode,cityCode,cityName,brand from kafka_order",
    "insert into hdfs_order_orderItems SELECT transactionId,orderItemId,linkId,sizeId,baseId,num,price,realPrice,type,couponCode,promotionCode FROM kafka_order, LATERAL TABLE(order_drill2(orderItems))",
    "insert into hdfs_order_orderItems_itemLinkIds SELECT transactionId,N2_orderItemId as orderItemId,N2_linkId as itemid_linkId,linkId,sizeId,baseId,num,price,round FROM kafka_order, LATERAL TABLE(order_drill3(orderItems)) as T(linkId,sizeId,baseId,num,price,round,N2_orderItemId,N2_linkId)"
  ]
}
