{
  "name": "recommend_trigger",
  "jobType": "stream",
  "parallelism": 5,
  "sourceProperties": [{
    "sourceType": "kafka",
    "version": "0.11",
    "bootstrap.servers": "172.27.133.19:9092",
    "topic": "recommend_trigger",
    "groupId": "test",
    "consumeMethod": "latest",
    "format": "json",
    "schema": "struct<extra:struct<transactionId:string,systemTime:string,brand:string,scene:string,bucketId:string,planType:string,storeCode:string,cityCode:string,marketCode:string>,list:array<struct<aLinkId:string,bLinkId:string,couponTitle:string,calligraphy:string,linkId:string,sizeId:string,baseId:string,type:string,couponCode:string,itemLinkIds:array<struct<linkId:string,sizeId:string,baseId:string,round:string,type:string>>,promotionCode:string,rank:string>>>",
    "tableName": "kafka_recommend_trigger"
  }],
  "sinkProperties": [{
    "sinkType": "bucket",
    "hdfsPrefix": "hdfs://172.27.133.18:8020/tmp/sy/aie/recommendation/topic_bucket/recommend_trigger",
    "dateTimeBucketer": null,
    "zoneId": null,
    "batchSize": null,
    "batchRolloverIntervalValue": 60000,
    "tableName": "hdfs_recommend_trigger",
    "schema": "struct<transactionId:string,systemTime:string,brand:string,scene:string,bucketId:string,planType:string,storeCode:string,cityCode:string,marketCode:string>"
  },{
    "sinkType": "bucket",
    "hdfsPrefix": "hdfs://172.27.133.18:8020/tmp/sy/aie/recommendation/topic_bucket/recommend_trigger_list",
    "dateTimeBucketer": null,
    "zoneId": null,
    "batchSize": null,
    "batchRolloverIntervalValue": 60000,
    "tableName": "hdfs_recommend_trigger_list",
    "schema": "struct<transactionId:string,scene:string,aLinkId:string,bLinkId:string,couponTitle:string,calligraphy:string,linkId:string,sizeId:string,baseId:string,type:string,couponCode:string,promotionCode:string,rank:string>"
  },{
    "sinkType": "bucket",
    "hdfsPrefix": "hdfs://172.27.133.18:8020/tmp/sy/aie/recommendation/topic_bucket/recommend_trigger_list_itemLinkIds",
    "dateTimeBucketer": null,
    "zoneId": null,
    "batchSize": null,
    "batchRolloverIntervalValue": 60000,
    "tableName": "hdfs_recommend_trigger_list_itemLinkids",
    "schema": "struct<transactionId:string,scene:string,linkId:string,sizeId:string,baseId:string,round:string,type:string>"
  }],
  "udf": {
    "recommend_filter_drill2": "recommend_trigger#list",
    "recommend_filter_drill3": "recommend_trigger#list#itemLinkIds"
  },
  "operation":  [
    "insert into hdfs_recommend_trigger SELECT extra.transactionId,extra.systemTime,extra.brand,extra.scene,extra.bucketId,extra.planType,extra.storeCode,extra.cityCode,extra.marketCode FROM kafka_recommend_trigger",
    "insert into hdfs_recommend_trigger_list SELECT extra.transactionId,extra.scene,aLinkId,bLinkId,couponTitle,calligraphy,linkId,sizeId,baseId,type,couponCode,promotionCode,`rank` FROM kafka_recommend_trigger, LATERAL TABLE(recommend_filter_drill2(list)) as T(aLinkId,bLinkId,couponTitle,calligraphy,linkId,sizeId,baseId,type,couponCode,itemLinkIds,promotionCode,`rank`)",
    "insert into hdfs_recommend_trigger_list_itemLinkids SELECT extra.transactionId,extra.scene,linkId,sizeId,baseId,`round`,type FROM kafka_recommend_trigger, LATERAL TABLE(recommend_filter_drill3(list)) as T(linkId,sizeId,baseId,`round`,type)"
  ]
}
