{
  "name": "7singleTopic",
  "jobType": "stream",
  "parallelism": 5,
  "checkpointPath": "hdfs://172.27.133.18:8020/tmp/sy/checkPoint",
  "sourceProperties": [{
    "sourceType": "kafka",
    "version": "0.11",
    "bootstrap.servers": "172.27.133.19:9092",
    "topic": "city",
    "groupId": "test",
    "consumeMethod": "latest",
    "format": "json",
    "schema": "struct<date:string,cityName:string,cityCode:string>",
    "tableName": "kafka_city"
  },{
    "sourceType": "kafka",
    "version": "0.11",
    "bootstrap.servers": "172.27.133.19:9092",
    "topic": "city_level",
    "groupId": "test",
    "consumeMethod": "latest",
    "format": "json",
    "schema": "struct<date:string,cityCode:string,cityLevel:string>",
    "tableName": "kafka_city_level"
  },{
    "sourceType": "kafka",
    "version": "0.11",
    "bootstrap.servers": "172.27.133.19:9092",
    "topic": "store",
    "groupId": "test",
    "consumeMethod": "latest",
    "format": "json",
    "schema": "struct<storeCode:string,marketCode:string,marketName:string,cityCode:string,cityName:string,date:string>",
    "tableName": "kafka_store"
  },{
    "sourceType": "kafka",
    "version": "0.11",
    "bootstrap.servers": "172.27.133.19:9092",
    "topic": "supply_product",
    "groupId": "test",
    "consumeMethod": "latest",
    "format": "json",
    "schema": "struct<date:string,linkId:string,type:int,size:string,temperature:string,material:string,taste:string,makingWay:string,suitableNum:int,num:int,isNew:int,isForcedRecommend:int,subClass:string,category:string,class:string,subCategory:string>",
    "tableName": "kafka_supply_product"
  },{
    "sourceType": "kafka",
    "version": "0.11",
    "bootstrap.servers": "172.27.133.19:9092",
    "topic": "tradeup_product",
    "groupId": "test",
    "consumeMethod": "latest",
    "format": "json",
    "schema": "struct<date:string,type:int,promotionCode:string,productName:string,linkId:string,systemId:string,price:int,storeCode:string,validFrom:bigint,validTo:bigint,startTime:int,endTime:int>",
    "tableName": "kafka_tradeup_product"
  },{
    "sourceType": "kafka",
    "version": "0.11",
    "bootstrap.servers": "172.27.133.19:9092",
    "topic": "menu_upgrade",
    "groupId": "test",
    "consumeMethod": "latest",
    "format": "json",
    "schema": "struct<date:string,brand:string,storeCode:string,cityCode:string,marketCode:string,aLinkId:string,bLinkId:string,couponTitle:string,calligraphy:string,validFrom:bigint,validTo:bigint,startTime:int,endTime:int,channel:string>",
    "tableName": "kafka_menu_upgrade"
  },{
    "sourceType": "kafka",
    "version": "0.11",
    "bootstrap.servers": "172.27.133.19:9092",
    "topic": "shopping_cart_supply",
    "groupId": "test",
    "consumeMethod": "latest",
    "format": "json",
    "schema": "struct<date:string,brand:string,systemId:string,linkId:string,name:string>",
    "tableName": "kafka_shopping_cart_supply"
  }],
  "sinkProperties": [{
    "sinkType": "bucket",
    "hdfsPrefix": "hdfs://172.27.133.18:8020/tmp/sy/aie/recommendation/topic_bucket/city",
    "dateTimeBucketer": null,
    "zoneId": null,
    "batchSize": null,
    "batchRolloverIntervalValue": 60000,
    "tableName": "hdfs_city",
    "schema": "struct<date:string,cityName:string,cityCode:string>"
  },{
    "sinkType": "bucket",
    "hdfsPrefix": "hdfs://172.27.133.18:8020/tmp/sy/aie/recommendation/topic_bucket/city_level",
    "dateTimeBucketer": null,
    "zoneId": null,
    "batchSize": null,
    "batchRolloverIntervalValue": 60000,
    "tableName": "hdfs_city_level",
    "schema": "struct<date:string,cityCode:string,cityLevel:string>"
  },{
    "sinkType": "bucket",
    "hdfsPrefix": "hdfs://172.27.133.18:8020/tmp/sy/aie/recommendation/topic_bucket/store",
    "dateTimeBucketer": null,
    "zoneId": null,
    "batchSize": null,
    "batchRolloverIntervalValue": 60000,
    "tableName": "hdfs_store",
    "schema": "struct<storeCode:string,marketCode:string,marketName:string,cityCode:string,cityName:string,date:string>"
  },{
    "sinkType": "bucket",
    "hdfsPrefix": "hdfs://172.27.133.18:8020/tmp/sy/aie/recommendation/topic_bucket/supply_product",
    "dateTimeBucketer": null,
    "zoneId": null,
    "batchSize": null,
    "batchRolloverIntervalValue": 60000,
    "tableName": "hdfs_supply_product",
    "schema": "struct<date:string,linkId:string,type:int,size:string,temperature:string,material:string,taste:string,makingWay:string,suitableNum:int,num:int,isNew:int,isForcedRecommend:int,subClass:string,category:string,class:string,subCategory:string>"
  },{
    "sinkType": "bucket",
    "hdfsPrefix": "hdfs://172.27.133.18:8020/tmp/sy/aie/recommendation/topic_bucket/tradeup_product",
    "dateTimeBucketer": null,
    "zoneId": null,
    "batchSize": null,
    "batchRolloverIntervalValue": 60000,
    "tableName": "hdfs_tradeup_product",
    "schema": "struct<date:string,type:int,promotionCode:string,productName:string,linkId:string,systemId:string,price:int,storeCode:string,validFrom:bigint,validTo:bigint,startTime:int,endTime:int>"
  },{
    "sinkType": "rtidb",
    "zkEndpoint": "172.27.133.116:7181",
    "zkRootPath": "/rtidb_1340",
    "timeColumn": "",
    "timeColumnFormat": "",
    "tableName": "tradeup_product_2",
    "schema": "struct<date:string,type:int,promotionCode:string,productName:string,linkId:string,systemId:string,price:int,storeCode:string,validFrom:bigint,validTo:bigint,startTime:int,endTime:int>"
  }, {
    "sinkType": "bucket",
    "hdfsPrefix": "hdfs://172.27.133.18:8020/tmp/sy/aie/recommendation/topic_bucket/menu_upgrade",
    "dateTimeBucketer": null,
    "zoneId": null,
    "batchSize": null,
    "batchRolloverIntervalValue": 60000,
    "tableName": "hdfs_menu_upgrade",
    "schema": "struct<date:string,brand:string,storeCode:string,cityCode:string,marketCode:string,aLinkId:string,bLinkId:string,couponTitle:string,calligraphy:string,validFrom:bigint,validTo:bigint,startTime:int,endTime:int,channel:string>"
  },{
    "sinkType": "bucket",
    "hdfsPrefix": "hdfs://172.27.133.18:8020/tmp/sy/aie/recommendation/topic_bucket/shopping_cart_supply",
    "dateTimeBucketer": null,
    "zoneId": null,
    "batchSize": null,
    "batchRolloverIntervalValue": 60000,
    "tableName": "hdfs_shopping_cart_supply",
    "schema": "struct<date:string,brand:string,systemId:string,linkId:string,name:string>"
  }],
  "operation":  [
    "insert into hdfs_city select * from kafka_city",
    "insert into hdfs_city_level select * from kafka_city_level",
    "insert into hdfs_store select * from kafka_store",
    "insert into hdfs_supply_product select * from kafka_supply_product",
    "insert into hdfs_tradeup_product select * from kafka_tradeup_product",
    "insert into tradeup_product_2 select * from kafka_tradeup_product",
    "insert into hdfs_menu_upgrade select * from kafka_menu_upgrade",
    "insert into hdfs_shopping_cart_supply select * from kafka_shopping_cart_supply"
  ]
}
