{
  "name": "store_product_udf_Rtidb",
  "jobType": "stream",
  "parallelism": 2,
  "sourceProperties": [{
    "sourceType": "kafka",
    "version": "0.11",
    "bootstrap.servers": "172.27.133.19:9092",
    "topic": "store_product",
    "groupId": "test",
    "consumeMethod": "latest",
    "format": "json",
    "schema": "struct<storeCode:string,channel:string,date:string,linkIds:array<struct<linkId:string,systemId:string,price:int,itemcount:int,iMenuCn:string,iDescCn:string,iSalesFlag:string,validFrom:bigint,validTo:bigint,startTime:bigint,endTime:bigint,showNameCn:string,itemLinkids:array<struct<linkId:string,systemId:string,round:int,price:int,iMenuCn:string,iDescCn:string,iSalesFlag:string,validFrom:bigint,validTo:bigint,startTime:bigint,endTime:bigint,showNameCn:string,quantity:int,itemCount:string>>>>>",
    "tableName": "kafka_store_product"
  }],
  "sinkProperties": [{
    "sinkType": "rtidb",
    "zkEndpoint": "172.27.133.116:7181",
    "zkRootPath": "/rtidb_1340",
    "tableName": "rtidb_store_product_combo_linkids",
    "timeColumn": "",
    "timeColumnFormat": "",
    "schema": "struct<storecode:string,linkids:string,prices:string>"
  },{
    "sinkType": "rtidb",
    "zkEndpoint": "172.27.133.116:7181",
    "zkRootPath": "/rtidb_1340",
    "tableName": "rtidb_store_product_single_linkids",
    "timeColumn": "",
    "timeColumnFormat": "",
    "schema": "struct<storecode:string,linkids:string,prices:string>"
  },
    {
      "sinkType": "rtidb",
      "zkEndpoint": "172.27.133.116:7181",
      "zkRootPath": "/rtidb_1340",
      "tableName": "rtidb_store_product_combo_linkids2",
      "timeColumn": "",
      "timeColumnFormat": "",
      "schema": "struct<storecode:string,itemlinkid:string,linkids:string,rounds:string,prices:string,itemcounts:string,insert_time:timestamp,p_biz_date:int>"
    }],
  "operation":  [
    "insert into rtidb_store_product_combo_linkids2 select storeCode as storecode,itemlinkid,linkids,rounds,prices,itemcounts,LOCALTIMESTAMP as insert_time,CAST(YEAR(CURRENT_DATE)*10000+MONTH(CURRENT_DATE)*100+DAYOFMONTH(CURRENT_DATE) AS INT) as p_biz_date from kafka_store_product,LATERAL TABLE(RTIDBUDF3(linkIds))"
  ]
}
