{
  "name": "store_product_udf_Rtidb",
  "jobType": "stream",
  "parallelism": 10,
  "sourceProperties": [{
    "sourceType": "kafka",
    "version": "0.11",
    "bootstrap.servers": "172.27.133.19:9092",
    "topic": "store_product",
    "groupId": "SY4",
    "consumeMethod": "laster",
    "format": "json",
    "schema": "struct<storeCode:string,channel:string,date:string,linkIds:array<struct<linkId:string,systemId:string,price:int,itemcount:int,iMenuCn:string,iDescCn:string,iSalesFlag:string,validFrom:bigint,validTo:bigint,startTime:bigint,endTime:bigint,showNameCn:string,itemLinkids:array<struct<linkId:string,systemId:string,round:int,price:int,iMenuCn:string,iDescCn:string,iSalesFlag:string,validFrom:bigint,validTo:bigint,startTime:bigint,endTime:bigint,showNameCn:string,quantity:int,itemCount:string>>>>>",
    "tableName": "kafka_store_product"
  }],
  "sinkProperties": [{
    "sinkType": "bucket",
    "hdfsPrefix": "hdfs://172.27.133.18:8020/tmp/sy/aie/recommendation/sy_topic/rtidb_store_product_combo_linkids",
    "dateTimeBucketer": null,
    "zoneId": null,
    "batchSize": null,
    "batchRolloverIntervalValue": 60000,
    "tableName": "hdfs_rtidb_store_product_combo_linkids",
    "schema": "struct<storecode:string,linkids:string,prices:string,insert_time:timestamp,p_biz_date:int>"
  },{
    "sinkType": "bucket",
    "hdfsPrefix": "hdfs://172.27.133.18:8020/tmp/sy/aie/recommendation/sy_topic/rtidb_store_product_single_linkids",
    "dateTimeBucketer": null,
    "zoneId": null,
    "batchSize": null,
    "batchRolloverIntervalValue": 60000,
    "tableName": "hdfs_rtidb_store_product_single_linkids",
    "schema": "struct<storecode:string,linkids:string,prices:string,insert_time:timestamp,p_biz_date:int>"
  },
    {
      "sinkType": "bucket",
      "hdfsPrefix": "hdfs://172.27.133.18:8020/tmp/sy/aie/recommendation/sy_topic/rtidb_store_product_linkids_itemlinkids",
      "dateTimeBucketer": null,
      "zoneId": null,
      "batchSize": null,
      "batchRolloverIntervalValue": 60000,
      "tableName": "hdfs_rtidb_store_product_linkids_itemlinkids",
      "schema": "struct<storecode:string,itemlinkid:string,linkids:string,rounds:string,prices:string,itemcounts:string,insert_time:timestamp,p_biz_date:int>"
    }],
  "operation":  [
    "insert into hdfs_rtidb_store_product_combo_linkids select storeCode as storecode,linkids,prices,LOCALTIMESTAMP as insert_time,CAST(YEAR(CURRENT_DATE)*10000+MONTH(CURRENT_DATE)*100+DAYOFMONTH(CURRENT_DATE) AS INT) as p_biz_date from kafka_store_product,LATERAL TABLE(RTIDBUDF1(linkIds))",
    "insert into hdfs_rtidb_store_product_single_linkids select storeCode as storecode,linkids,prices,LOCALTIMESTAMP as insert_time,CAST(YEAR(CURRENT_DATE)*10000+MONTH(CURRENT_DATE)*100+DAYOFMONTH(CURRENT_DATE) AS INT) as p_biz_date from kafka_store_product,LATERAL TABLE(RTIDBUDF2(linkIds))",
    "insert into hdfs_rtidb_store_product_linkids_itemlinkids select storeCode as storecode,itemlinkid,linkids,rounds,prices,itemcounts,LOCALTIMESTAMP as insert_time,CAST(YEAR(CURRENT_DATE)*10000+MONTH(CURRENT_DATE)*100+DAYOFMONTH(CURRENT_DATE) AS INT) as p_biz_date from kafka_store_product,LATERAL TABLE(RTIDBUDF3(linkIds))"
  ]
}
