{
  "name": "store_product",
  "jobType": "stream",
  "parallelism": 2,
  "sourceProperties": [{
    "sourceType": "kafka",
    "version": "0.11",
    "bootstrap.servers": "172.27.133.19:9092",
    "topic": "store_product",
    "groupId": "test",
    "consumeMethod": "latest",
    "format": "json",
    "schema": "struct<storeCode:string,channel:string,date:string,linkIds:array<struct<linkId:string,systemId:string,price:int,itemcount:int,iMenuCn:string,iDescCn:string,iSalesFlag:string,validFrom:bigint,validTo:bigint,startTime:bigint,endTime:bigint,showNameCn:string,itemLinkids:array<struct<linkId:string,systemId:string,round:int,price:int,iMenuCn:string,iDescCn:string,iSalesFlag:string,validFrom:bigint,validTo:bigint,startTime:bigint,endTime:bigint,showNameCn:string,quantity:int,itemCount:string>>>>>",
    "tableName": "kafka_store_product"
  }],
  "sinkProperties": [{
    "sinkType": "bucket",
    "hdfsPrefix": "hdfs://172.27.133.18:8020/tmp/sy/aie/recommendation/sy_topic/store_product",
    "dateTimeBucketer": null,
    "zoneId": null,
    "batchSize": null,
    "batchRolloverIntervalValue": 60000,
    "tableName": "hdfs_store_product",
    "schema": "struct<storeCode:string,channel:string,date:string>"
  },{
    "sinkType": "bucket",
    "hdfsPrefix": "hdfs://172.27.133.18:8020/tmp/sy/aie/recommendation/sy_topic/store_product_linkIds",
    "dateTimeBucketer": null,
    "zoneId": null,
    "batchSize": null,
    "batchRolloverIntervalValue": 60000,
    "tableName": "hdfs_store_product_linkIds",
    "schema": "struct<storeCode:string,linkId:string,systemId:string,price:int,itemcount:int,iMenuCn:string,iDescCn:string,iSalesFlag:string,validFrom:bigint,validTo:bigint,startTime:bigint,endTime:bigint,showNameCn:string>"
  },{
    "sinkType": "bucket",
    "hdfsPrefix": "hdfs://172.27.133.18:8020/tmp/sy/aie/recommendation/sy_topic/store_product_linkIds_itemLinkids",
    "dateTimeBucketer": null,
    "zoneId": null,
    "batchSize": null,
    "batchRolloverIntervalValue": 60000,
    "tableName": "hdfs_store_product_linkIds_itemLinkids",
    "schema": "struct<storeCode:string,itemlinkId:string,linkId:string,systemId:string,round:int,price:int,iMenuCn:string,iDescCn:string,iSalesFlag:string,validFrom:bigint,validTo:bigint,startTime:bigint,endTime:bigint,showNameCn:string,quantity:int,itemCount:string>"
  },{
    "sinkType": "rtidb",
    "zkEndpoint": "172.27.133.116:7181",
    "zkRootPath": "/rtidb_1340",
    "tableName": "rtidb_preorder_store_product_linkids",
    "timeColumn": "",
    "timeColumnFormat": "",
    "schema": "struct<storecode:string,linkid:string,price:int,insert_time:timestamp,p_biz_date:bigint>"
  },{
    "sinkType": "rtidb",
    "zkEndpoint": "172.27.133.116:7181",
    "zkRootPath": "/rtidb_1340",
    "tableName": "rtidb_preorder_store_product_linkids_itemlinkids",
    "timeColumn": "",
    "timeColumnFormat": "",
    "schema": "struct<storecode:string,itemlinkid:string,linkid:string,round:int,price:int,insert_time:timestamp,p_biz_date:bigint>"
  }],
  "udf": {
    "store_product_drill2": "store_product#linkIds",
    "store_product_drill3": "store_product#linkIds#linkId*itemLinkids"
  },
  "operation":  [
    "insert into hdfs_store_product select storeCode,channel,`date` from kafka_store_product",
    "insert into hdfs_store_product_linkIds SELECT storeCode,linkId,systemId,price,itemcount,iMenuCn,iDescCn,iSalesFlag,validFrom,validTo,startTime,endTime,showNameCn FROM kafka_store_product, LATERAL TABLE(store_product_drill2(linkIds))",
    "insert into hdfs_store_product_linkIds_itemLinkids SELECT storeCode,N2_linkId as itemlinkId,linkId,systemId,round,price,iMenuCn,iDescCn,iSalesFlag,validFrom,validTo,startTime,endTime,showNameCn,quantity,itemCount FROM kafka_store_product, LATERAL TABLE(store_product_drill3(linkIds)) as T(linkId,systemId,round,price,iMenuCn,iDescCn,iSalesFlag,validFrom,validTo,startTime,endTime,showNameCn,quantity,itemCount,N2_linkId)"
  ]
}
