{
  "@timestamp": "2019-07-07T13:47:15.973Z",
  "@metadata": {
    "beat": "filebeat",
    "type": "doc",
    "version": "6.2.4"
  },
  "source": "/app/logs/sample.log",
  "fields": {
    "log_topics": "apiserver-test"
  },
  "prospector": {
    "type": "log"
  },
  "beat": {
    "name": "pas-0708fb75-0884-417c-aa98-67663fb028d4-sage-api-server-57zh2s",
    "hostname": "pas-0708fb75-0884-417c-aa98-67663fb028d4-sage-api-server-57zh2s",
    "version": "6.2.4"
  },
  "offset": 12164,
  "json": {
    "extraData": {
      "Latency": {
        "reRankingPolicy": 1,
        "prePredictPolicy": 0,
        "respParamMapper": 2,
        "itemRepository": 0,
        "userRepository": 0,
        "predictor": 0,
        "reqParamMapper": 0,
        "preRecallPolicy": 1
      }
    },
    "recallConfig": {
      "expression": "Union(Table('SHOUREN_RECALL_TABLE_1', 'user_1'), Table('SHOUREN_RECALL_TABLE_2', 'store_1'))"
    },
    "user": {
      "UserClickedCatIdsIn1Minutes": "",
      "UserIPPort": "",
      "UserClickedTagScoresIn30Minutes": "114:3.0;108:2.0;77:1.0;79:1.0",
      "IPv4AddrOctet4": "",
      "UserClickedTitleTermScoresIn1Minutes": "",
      "UserClickedTagScoresIn1Times": "108:1.0;114:1.0;77:0.25",
      "PornLevel": 0,
      "UserId": "267b1a23-10b8-477d-a6ec-18c3eed4f49a",
      "ClickDatetime": 0,
      "OsApi": "",
      "UserClickedTitleTermScoresIn3Times": "abravanel:1.023;comovent:0.954;adolescent:0.853;aparent:0.824;ades:0.779;fit:0.755;atençã:0.703;choc:0.699;bbb:0.674;trac:0.624",
      "Dpi": 320,
      "TimeSpentReading": "",
      "TotalImpressions": 32550,
      "TagScores": "91:1.0;79:0.5",
      "VideoHeight": 0,
      "InstanceKey": "00130c7e-a328-4aa2-aae0-8d0e4062c779-4869398",
      "RequestLongitude": 0,
      "UserClickedMediaIdsIn360Minutes": "211:1;92:1;333:1;366:1;223:1",
      "TotalAdjustImpressions": 14494,
      "UserClickedCatIdsIn360Minutes": "68:4;27:4;3:3;62:3;1:1;5:1;29:1",
      "Hot": "False",
      "UserClickedTagScoresIn3Times": "114:2.0;108:1.0;79:1.0;77:0.75",
      "RequestLatitude": 0,
      "UserTagScores": "108:1.363;114:1.043;77:0.533;102:0.251;79:0.179;115:0.173;119:0.172;111:0.122;96:0.098;78:0.084",
      "Birthdate": "",
      "NumRequestedNews": 10,
      "UpdateVersionCode": 0,
      "PageId": "00130c7e-a328-4aa2-aae0-8d0e4062c779",
      "TermScores": "patric:0.226;magr:0.134;poet:0.103;mã:0.1;jornal:0.088;filh:0.084;mod:0.082;aprov:0.081;corp:0.08;adolescent:0.075",
      "RequestCategoryId": "",
      "ContentWords": 381,
      "UserClickedMediaIdsIn1Minutes": "",
      "DeviceType": "samsung  SM-G600FY",
      "UserTitleTermScores": "",
      "DevicePlatform": "android",
      "DeviceId": "",
      "Channel": "GooglePlay",
      "Tag": "4Paradigm:Predict_Hot",
      "VideoWidth": 0,
      "IPv4AddrOctet3": "",
      "UserClickedTitleTermScoresIn5Minutes": "abravanel:1.023;comovent:0.954;ades:0.779;fit:0.755;choc:0.699;bbb:0.674;trac:0.624;adél:0.616;mensag:0.529;fãs:0.515",
      "UserClickedCatIdsIn10Times": "68:4;27:4;3:3;62:3;1:1;5:1;29:1",
      "TotalComments": 1,
      "UserClickedMediaIdsIn30Minutes": "211:1;333:1;366:1;223:1",
      "VideoDiskileCount": 0,
      "UserClickedTermScoresIn10Times": "silvi:0.63;fot:0.534;ades:0.334;sant:0.29;twitt:0.277;adél:0.264;rezend:0.257;reprodu:0.256;fit:0.216;liu:0.206",
      "UserClickedTagScoresIn5Minutes": "114:2.0;108:1.0;77:0.75",
      "VideoFavoriteCount": 0,
      "NetworkType": "4G",
      "IPv4AddrOctet1": "",
      "NewsType": "News",
      "TotalLikes": 12,
      "RequestLocation": "",
      "UserTermScores": "acident carr:0.452;cantor gospel:0.42;acident:0.329;cantor:0.316;gospel famili:0.297;morr grav:0.268;carr:0.266;famã lia:0.25;gospel:0.235;morr:0.203",
      "UserClickedMediaIdsIn10Times": "211:1;92:1;333:1;366:1;223:1",
      "UserClickedTermScoresIn1Times": "ades:0.334;adél:0.264;fit:0.216;choc:0.2;bbb:0.193;dental:0.133;fot:0.13;desigual:0.125;vulg:0.125;calcinh:0.122",
      "Gender": "",
      "IPv4AddrOctet2": "",
      "UserClickedCatIdsIn3Times": "68:2;27:2;1:1;3:1;5:1;29:1;62:1",
      "VideoCommentCount": 0,
      "PublishDatetime": "",
      "UserClickedTagScoresIn360Minutes": "114:4.0;108:3.0;77:1.25;79:1.0",
      "UserClickedTermScoresIn3Times": "ades:0.334;adél:0.264;fit:0.216;liu:0.206;choc:0.2;bbb:0.193;anos:0.161;dental:0.133;fot:0.13;vulg:0.125",
      "UserClickedTermScoresIn5Minutes": "ades:0.334;adél:0.264;fit:0.216;choc:0.2;bbb:0.193;dental:0.133;fot:0.13;vulg:0.125;desigual:0.125;calcinh:0.122",
      "ImageCountToDisplay": 3,
      "UserClickedTagScoresIn1Minutes": "",
      "TotalDislikes": 4,
      "UserClickedTitleTermScoresIn360Minutes": "rezend:1.04;abravanel:1.023;comovent:0.954;adolescent:0.853;silvi:0.837;aparent:0.824;inusit:0.781;ades:0.779;fit:0.755;atençã:0.703",
      "VideoLikeCount": 0,
      "OsVersion": "",
      "UserClickedTagScoresIn10Times": "114:4.0;108:3.0;77:1.25;79:1.0",
      "Position": 6,
      "UserClickedTitleTermScoresIn1Times": "ades:0.779;fit:0.755;choc:0.699;bbb:0.674;adél:0.616;internet:0.495;ex:0.315;fot:0.303;faz:0.237",
      "UserClickedTermScoresIn30Minutes": "silvi:0.63;fot:0.534;ades:0.334;sant:0.29;twitt:0.277;adél:0.264;reprodu:0.256;fit:0.216;liu:0.206;choc:0.2",
      "TotalHoursSincePublish": 11.511676248666666,
      "UserClickedCatIdsIn5Minutes": "27:2;68:2;1:1;3:1;62:1",
      "VideoDuration": 0,
      "MediaId": 597,
      "UserClickedMediaIdsIn1Times": "211:1",
      "VideoCrawlerTimeSpan": 0,
      "UserClickedCatIdsIn30Minutes": "68:3;27:3;3:2;62:2;1:1;5:1;29:1",
      "Score": 0.04903299221767789,
      "UserClickedTitleTermScoresIn30Minutes": "abravanel:1.023;comovent:0.954;adolescent:0.853;silvi:0.837;aparent:0.824;inusit:0.781;ades:0.779;fit:0.755;atençã:0.703;choc:0.699",
      "UserClickedTitleTermScoresIn10Times": "rezend:1.04;abravanel:1.023;comovent:0.954;adolescent:0.853;silvi:0.837;aparent:0.824;inusit:0.781;ades:0.779;fit:0.755;atençã:0.703",
      "UserClickedMediaIdsIn5Minutes": "211:1;333:1",
      "TotalClicks": 3094,
      "TotalFavorites": 0,
      "UserIp": "189.92.250.0",
      "UserClickedMediaIdsIn3Times": "211:1;333:1;366:1",
      "ImageCount": 5,
      "TotalShares": 4,
      "ClickPosition": 0,
      "CategoryId": "5,29,43",
      "VideoViewCount": 0,
      "NewsId": 4869398,
      "CountryId": -1,
      "UserClickedCatIdsIn1Times": "3:1;27:1;68:1;62:1",
      "TitleTermScores": "poet:0.878;magr:0.856;patric:0.828;aprov:0.518;corp:0.511;filh:0.428;mã:0.427;perd:0.375",
      "RequestDatetime": 1560390956302,
      "UserClickedTermScoresIn360Minutes": "silvi:0.63;fot:0.534;ades:0.334;sant:0.29;twitt:0.277;adél:0.264;rezend:0.257;reprodu:0.256;fit:0.216;liu:0.206",
      "Resolution": "720*1280",
      "UserClickedTermScoresIn1Minutes": "",
      "VersionCode": 30072
    },
    "reqParam": {
      "cityName": "岳阳",
      "marketCode": "028",
      "promiseTime": "1561516505",
      "shoppingCart": [
        {
          "$ref": "$.common.shoppingCart[0]"
        }
      ],
      "channel": "WECHATMINI",
      "cityCode": "01357",
      "storeCode": "CHS127",
      "userCode": "1feb788a8be6ec8518f9fbc18f0ebfe2",
      "systemTime": "1561516205",
      "key": "f6f9ec4024eba4a3e314ac0ad145adf8",
      "brand": "KFC",
      "transactionId": "1561516033342037945"
    },
    "uniqueId": "MTU2MjUwNzIzMzE3NSwzNSxVbmlvbihUYWJsZSgnU0hPVVJFTl9SRUNBTExfVEFCTEVfMScsICd1c2VyXzEnKSwgVGFibGUoJ1NIT1VSRU5fUkVDQUxMX1RBQkxFXzInLCAnc3RvcmVfMScpKQ==",
    "items": [],
    "experimentId": "str",
    "response": {
      "data": {
        "context": {
          "experimentId": "str",
          "recallConfigVersion": "Not Implemented",
          "uniqueId": "MTU2MjUwNzIzMzE3NSwzNSxVbmlvbihUYWJsZSgnU0hPVVJFTl9SRUNBTExfVEFCTEVfMScsICd1c2VyXzEnKSwgVGFibGUoJ1NIT1VSRU5fUkVDQUxMX1RBQkxFXzInLCAnc3RvcmVfMScpKQ=="
        },
        "list": []
      },
      "message": "Hello World",
      "retCode": 200
    },
    "common": {
      "UserIp": "189.92.250.0",
      "RequestLocation": "",
      "TotalHoursSincePublish": 11.511676248666666,
      "TotalDislikes": 4,
      "UserClickedCatIdsIn30Minutes": "68:3;27:3;3:2;62:2;1:1;5:1;29:1",
      "TotalComments": 1,
      "ImageCount": 5,
      "TagScores": "91:1.0;79:0.5",
      "DeviceId": "",
      "UserClickedMediaIdsIn30Minutes": "211:1;333:1;366:1;223:1",
      "Birthdate": "",
      "UserTagScores": "108:1.363;114:1.043;77:0.533;102:0.251;79:0.179;115:0.173;119:0.172;111:0.122;96:0.098;78:0.084",
      "storeCode": "CHS127",
      "promiseTime": "1561516505",
      "RequestLongitude": 0,
      "TotalLikes": 12,
      "UserClickedTitleTermScoresIn3Times": "abravanel:1.023;comovent:0.954;adolescent:0.853;aparent:0.824;ades:0.779;fit:0.755;atençã:0.703;choc:0.699;bbb:0.674;trac:0.624",
      "UserClickedMediaIdsIn360Minutes": "211:1;92:1;333:1;366:1;223:1",
      "UserTermScores": "acident carr:0.452;cantor gospel:0.42;acident:0.329;cantor:0.316;gospel famili:0.297;morr grav:0.268;carr:0.266;famã lia:0.25;gospel:0.235;morr:0.203",
      "DevicePlatform": "android",
      "UserClickedTagScoresIn3Times": "114:2.0;108:1.0;79:1.0;77:0.75",
      "TotalShares": 4,
      "UserClickedTagScoresIn10Times": "114:4.0;108:3.0;77:1.25;79:1.0",
      "VideoDuration": 0,
      "Position": 6,
      "VideoDiskileCount": 0,
      "UserClickedCatIdsIn5Minutes": "27:2;68:2;1:1;3:1;62:1",
      "TimeSpentReading": "",
      "NewsId": 4869398,
      "key": "f6f9ec4024eba4a3e314ac0ad145adf8",
      "CategoryId": "5,29,43",
      "VideoViewCount": 0,
      "VersionCode": 30072,
      "UserClickedTitleTermScoresIn1Minutes": "",
      "TotalFavorites": 0,
      "CountryId": -1,
      "UserClickedTitleTermScoresIn1Times": "ades:0.779;fit:0.755;choc:0.699;bbb:0.674;adél:0.616;internet:0.495;ex:0.315;fot:0.303;faz:0.237",
      "cityName": "岳阳",
      "UserId": "267b1a23-10b8-477d-a6ec-18c3eed4f49a",
      "userCode": "1feb788a8be6ec8518f9fbc18f0ebfe2",
      "NetworkType": "4G",
      "TotalImpressions": 32550,
      "PornLevel": 0,
      "UserClickedMediaIdsIn1Minutes": "",
      "IPv4AddrOctet1": "",
      "shoppingCart": [
        {
          "num": "1",
          "price": "2000",
          "realPrice": "2000",
          "systemId": "33781",
          "itemLinkIds": [
            {
              "addPrice": "0",
              "systemId": "10900",
              "round": "2",
              "linkId": "100022915",
              "type": "2",
              "num": "1",
              "price": "123"
            },
            {
              "num": "1",
              "price": "456",
              "addPrice": "0",
              "systemId": "6221",
              "round": "1",
              "linkId": "100022914",
              "type": "2"
            },
            {
              "round": "4",
              "linkId": "100022768",
              "type": "2",
              "num": "1",
              "price": "789",
              "addPrice": "0",
              "systemId": "37236"
            },
            {
              "systemId": "49788",
              "round": "3",
              "linkId": "100022913",
              "type": "2",
              "num": "1",
              "price": "101112",
              "addPrice": "0"
            }
          ],
          "linkId": "100005046",
          "type": "1"
        }
      ],
      "RequestLatitude": 0,
      "Gender": "",
      "systemTime": "1561516205",
      "UserClickedMediaIdsIn5Minutes": "211:1;333:1",
      "VideoLikeCount": 0,
      "UserClickedTermScoresIn3Times": "ades:0.334;adél:0.264;fit:0.216;liu:0.206;choc:0.2;bbb:0.193;anos:0.161;dental:0.133;fot:0.13;vulg:0.125",
      "UserClickedTitleTermScoresIn30Minutes": "abravanel:1.023;comovent:0.954;adolescent:0.853;silvi:0.837;aparent:0.824;inusit:0.781;ades:0.779;fit:0.755;atençã:0.703;choc:0.699",
      "IPv4AddrOctet2": "",
      "ClickPosition": 0,
      "Tag": "4Paradigm:Predict_Hot",
      "Score": 0.04903299221767789,
      "ImageCountToDisplay": 3,
      "MediaId": 597,
      "OsVersion": "",
      "Resolution": "720*1280",
      "Dpi": 320,
      "UserClickedMediaIdsIn3Times": "211:1;333:1;366:1",
      "InstanceKey": "00130c7e-a328-4aa2-aae0-8d0e4062c779-4869398",
      "UserClickedTermScoresIn5Minutes": "ades:0.334;adél:0.264;fit:0.216;choc:0.2;bbb:0.193;dental:0.133;fot:0.13;vulg:0.125;desigual:0.125;calcinh:0.122",
      "VideoFavoriteCount": 0,
      "RequestCategoryId": "",
      "UserClickedCatIdsIn10Times": "68:4;27:4;3:3;62:3;1:1;5:1;29:1",
      "UserClickedTitleTermScoresIn10Times": "rezend:1.04;abravanel:1.023;comovent:0.954;adolescent:0.853;silvi:0.837;aparent:0.824;inusit:0.781;ades:0.779;fit:0.755;atençã:0.703",
      "VideoWidth": 0,
      "UserTitleTermScores": "",
      "UserClickedMediaIdsIn10Times": "211:1;92:1;333:1;366:1;223:1",
      "UserClickedTagScoresIn1Times": "108:1.0;114:1.0;77:0.25",
      "VideoCrawlerTimeSpan": 0,
      "UserClickedTagScoresIn360Minutes": "114:4.0;108:3.0;77:1.25;79:1.0",
      "UserClickedTagScoresIn30Minutes": "114:3.0;108:2.0;77:1.0;79:1.0",
      "UserClickedTagScoresIn1Minutes": "",
      "IPv4AddrOctet4": "",
      "ClickDatetime": 0,
      "UserClickedMediaIdsIn1Times": "211:1",
      "NewsType": "News",
      "UserClickedTermScoresIn1Minutes": "",
      "NumRequestedNews": 10,
      "cityCode": "01357",
      "DeviceType": "samsung  SM-G600FY",
      "RequestDatetime": 1560390956302,
      "ContentWords": 381,
      "UserClickedTermScoresIn30Minutes": "silvi:0.63;fot:0.534;ades:0.334;sant:0.29;twitt:0.277;adél:0.264;reprodu:0.256;fit:0.216;liu:0.206;choc:0.2",
      "transactionId": "1561516033342037945",
      "TitleTermScores": "poet:0.878;magr:0.856;patric:0.828;aprov:0.518;corp:0.511;filh:0.428;mã:0.427;perd:0.375",
      "UserIPPort": "",
      "TermScores": "patric:0.226;magr:0.134;poet:0.103;mã:0.1;jornal:0.088;filh:0.084;mod:0.082;aprov:0.081;corp:0.08;adolescent:0.075",
      "UserClickedTermScoresIn10Times": "silvi:0.63;fot:0.534;ades:0.334;sant:0.29;twitt:0.277;adél:0.264;rezend:0.257;reprodu:0.256;fit:0.216;liu:0.206",
      "UserClickedTitleTermScoresIn5Minutes": "abravanel:1.023;comovent:0.954;ades:0.779;fit:0.755;choc:0.699;bbb:0.674;trac:0.624;adél:0.616;mensag:0.529;fãs:0.515",
      "marketCode": "028",
      "TotalAdjustImpressions": 14494,
      "Channel": "GooglePlay",
      "brand": "KFC",
      "VideoHeight": 0,
      "OsApi": "",
      "IPv4AddrOctet3": "",
      "VideoCommentCount": 0,
      "UserClickedTermScoresIn360Minutes": "silvi:0.63;fot:0.534;ades:0.334;sant:0.29;twitt:0.277;adél:0.264;rezend:0.257;reprodu:0.256;fit:0.216;liu:0.206",
      "PublishDatetime": "",
      "TotalClicks": 3094,
      "UserClickedCatIdsIn1Times": "3:1;27:1;68:1;62:1",
      "PageId": "00130c7e-a328-4aa2-aae0-8d0e4062c779",
      "channel": "WECHATMINI",
      "UserClickedCatIdsIn1Minutes": "",
      "Hot": "False",
      "UserClickedCatIdsIn360Minutes": "68:4;27:4;3:3;62:3;1:1;5:1;29:1",
      "UserClickedCatIdsIn3Times": "68:2;27:2;1:1;3:1;5:1;29:1;62:1",
      "UpdateVersionCode": 0,
      "UserClickedTitleTermScoresIn360Minutes": "rezend:1.04;abravanel:1.023;comovent:0.954;adolescent:0.853;silvi:0.837;aparent:0.824;inusit:0.781;ades:0.779;fit:0.755;atençã:0.703",
      "UserClickedTermScoresIn1Times": "ades:0.334;adél:0.264;fit:0.216;choc:0.2;bbb:0.193;dental:0.133;fot:0.13;desigual:0.125;vulg:0.125;calcinh:0.122",
      "UserClickedTagScoresIn5Minutes": "114:2.0;108:1.0;77:0.75"
    }
  }
}